,file_number,message_id,topic,author,link,domain,top_level_domain
0,10559,message #32636,property with File Browser Dialog,Eclipse User,http://www.eclipse.org/search/search.cgi?q=custom+cell+editor+file+dialog&cmd=Search%21&form=extended&wf=574a74&ps=10&m=all&t=5&ul=%2Fnewslists%2Fnews.eclipse.tools.emf&wm=wrd&t=News&t=Mail,www.eclipse.org,org
1,10862,message #33652,SWTBot Bugzilla question,Hans Schwaebli,https://bugs.eclipse.org/bugs/buglist.cgi?query_format=specific&order=relevance+desc&bug_status=__all__&product=SWTBot,bugs.eclipse.org,org
2,11160,message #34664,"Connection not created when mouse button is released over target anchor, need second click to finali",Alexandre Vermeerbergen,http://eclipsewiki.swiki.net/50#hellogef6,eclipsewiki.swiki.net,net
3,12323,message #38511,Error while opening editor,Kevin KIN-FOO,http://wiki.eclipse.org/DLTK_IDE_Guide:Step_2._Towards_an_Editor,wiki.eclipse.org,org
4,12389,message #38717,annoying loud beep,Genady Beryozkin,http://www.genady.net/,www.genady.net,net
5,13353,message #42059,[Announce] EMFT JET 0.7.1 M200607271220 is available,Paul Elder,http://download.eclipse.org/technology/emft/downloads/?proj=jet,download.eclipse.org,org
6,13571,message #42907,Target Executable from the Command Line,Ketan Padegaonkar,http://download.eclipse.org/technology/swtbot/docs/videos/beginners/SWTBotHeadlessTestingForNovices/,download.eclipse.org,org
7,13677,message #43255,Re: BkzmegnYAP,Werner Keil,http://utenti.lycos.it/graciewaits/10feet-in-meters.html,utenti.lycos.it,it
8,13862,message #43896,[Xtext] Can any compare Xtext with TCS?,Sebastian Zarnekow,http://wiki.eclipse.org/Xtext/Documentation#EPackage_import,wiki.eclipse.org,org
9,14274,message #45275,Re: [OCL Tools] downloads?,Miguel Garcia,http://www.sts.tu-harburg.de/~mi.garcia,www.sts.tu-harburg.de,de
10,14636,message #46573,Mylyn 2.3.2 is now available / new update site for ganymede,Eclipse User,http://eclipse.org/mylyn/downloads/,eclipse.org,org
11,14787,message #47130,"Help needed, cannot set up an SVN repository",Igor Burilo,http://www.eclipse.org/downloads/download.php?file=/technology/subversive/0.7/builds/Subversive-incubation-0.7.8.I20090506-1500.zip,www.eclipse.org,org
12,14827,message #47257,[Announce] TMF XTEXT 0.7.0RC3 is available,Patrick Schoenbach,http://www.eclipse.org/modeling/tmf/news/relnotes.php?project=xtext&version=0.7.0RC3,www.eclipse.org,org
13,14864,message #47362,LinkageError / IncompatibleClassChangeError,Eclipse User,https://bugs.eclipse.org/bugs/show_bug.cgi?id=45441,bugs.eclipse.org,org
14,15751,message #50377,Target Platform within Eclipse 3.5M6,Marco  Lehmann-Mörz,http://download.eclipse.org/technology/babel/update-site/ganymede/,download.eclipse.org,org
15,15877,message #50755,Tomcat & WTP,Eclipse User,http://www.eclipse.org/webtools/initial-contribution/IBM/Getting%20Started.html,www.eclipse.org,org
16,16070,message #51344,[ATL] General Question XML2XML,Eclipse User,http://wiki.eclipse.org/KM3,wiki.eclipse.org,org
17,1633,message #4620,EclipseWorld technical program announced,Alan Zeichick,http://www.eclipseworld.net/,www.eclipseworld.net,net
18,17067,message #54662,Teneo Build Announcement Thread,Martin Taal,http://www.eclipse.org/modeling/emft/downloads/?project=teneo&showAll=1&hlbuild=S200804071116#S200804071116,www.eclipse.org,org
19,17080,message #54692,OCL Checkers,Eclipse User,http://www.malcom-mac.com/nemo,www.malcom-mac.com,com
20,17166,message #54988,enumeration-facet of union types,Klaas Dellschaft,http://www.w3.org/2001/XMLSchema-instance,www.w3.org,org
21,17255,message #55279,How to model in XSD?,Conor Missing name,http://www.w3.org/2001/XMLSchema,www.w3.org,org
22,17643,message #56541,Eclipse xtext projects to Central Maven Repository,Johan Vogelzang,http://www.eclipse.org/newsportal/article.php?id=42808&group=eclipse.tools.emf#42808,www.eclipse.org,org
23,17885,message #57234,Live app,Eclipse User,http://eclipsediscovery.yoxos.com,eclipsediscovery.yoxos.com,com
24,18867,message #60482,[Announce] M2T XPAND 0.7.0M7a is available,Patrick Schoenbach,http://www.eclipse.org/modeling/m2t/news/relnotes.php?project=xpand&version=0.7.0M7a,www.eclipse.org,org
25,1950,message #5593,Web App Creation - Is It Possible?,Eclipse User,http://www.eclipse.org/eclipse/development/eclipse_project_plan_2_2.html,www.eclipse.org,org
26,19511,message #62599,JSP compiler / Jasper bundle,Harald Niesche,http://www.osxa.org/wiki/JasperBundle,www.osxa.org,org
27,19719,message #63283,xs:redefine,Eclipse User,http://www.w3.org/2001/XMLSchema,www.w3.org,org
28,20440,message #65592,[ANN] CodePro Express End-of-Quarter Special,Eric Clayberg,http://www.instantiations.com/codepro/ws/cpscomparativeanalysis.htm,www.instantiations.com,com
29,205,message #502,New Java AST tool based on Java Abstract Syntax Discovery Tool,Gabriel BARBIER,https://bugs.eclipse.org/bugs/show_bug.cgi?id=259234,bugs.eclipse.org,org
30,2088,message #5953,Re: [ATL] Looking for BPMN and BPEL MetaModels,Stephane Drapeau,http://www.eclipse.org/newsportal/article.php?id=761&group=eclipse.stp#761,www.eclipse.org,org
31,2091,message #5961,SML validation exception,No real name,http://wiki.eclipse.org/images/8/8f/Backup-v2.zip,wiki.eclipse.org,org
32,22158,message #71130,Opening a File,Eclipse User,http://bugs.eclipse.org/bugs/show_bug.cgi?id=37935,bugs.eclipse.org,org
33,22454,message #72163,Q. Formating JSP screws up document,Eclipse User,https://bugs.eclipse.org/bugs/show_bug.cgi?id=84648,bugs.eclipse.org,org
34,22667,message #72941,[Teneo] Possible to Override Generation of hibernate.hbm.xml?,Martin Taal,http://www.elver.org/hibernate/ejb3_examples.html,www.elver.org,org
35,23291,message #75080,LifeCycleLock workaround for 1.1 M2,Eclipse User,http://rap.innoopract.com/rapdemo/rms,rap.innoopract.com,com
36,23603,message #76201,Makefiles and migrating to Eclipse,Eclipse User,http://ant.apache.org/,ant.apache.org,org
37,23618,message #76245,Installing on Eclipse 3.4,Eclipse User,http://wiki.eclipse.org/index.php/User:Nickb,wiki.eclipse.org,org
38,23637,message #76325,Generated EObjectValidator class,John T.E. Timm,http://dev.eclipse.org/newslists/news.eclipse.tools.emf/msg16922.html,dev.eclipse.org,org
39,24008,message #77721,How to install J2EE plug-in and UML2 plugin?,Vijay Bhadriraju,http://www.eclipse.org/webtools/index.html,www.eclipse.org,org
40,24092,message #77992,Debug Error with latest Nightly (N20080810),Shawn Clark,https://bugs.eclipse.org/bugs/show_bug.cgi?id=243789,bugs.eclipse.org,org
41,24192,message #78354,Newbee question - Getting Debug to work,kessel haus,http://www.microsoft.com/hwdev/download/hardware/PECOFF.doc,www.microsoft.com,com
42,24463,message #79202,Remote test hangs and then crashes at 60%,Prince Singh,https://bugs.eclipse.org/bugs/show_bug.cgi?id=152099,bugs.eclipse.org,org
43,24774,message #80256,web.xml: error in empty web project,Eclipse User,http://www.eclipse.org/newsportal/article.php?id=3486&group=eclipse.webtools#3486,www.eclipse.org,org
44,25575,message #82799,ToolTipText problem,Benjamin Muskalla,https://bugs.eclipse.org/bugs/show_bug.cgi?id=210275,bugs.eclipse.org,org
45,2602,message #7583,[NEWSGROUP] - please open access to newsgroup archives,Eclipse User,http://florian-amrhein.de/newsportal/doc,florian-amrhein.de,de
46,27157,message #88179,tomcat deploy error,Eclipse User,http://dev.eclipse.org/viewcvs/indextech.cgi/org.eclipse.rap/org.eclipse.rap.demo.feature/deployment/rapdemo.war?revision=1.1&view=markup,dev.eclipse.org,org
47,27454,message #89149,How can I change jvm which eclipse runs on?,Eclipse User,http://java.sun.com/webapps/bugreport/crash.jsp,java.sun.com,com
48,28477,message #92422,TPTP Sessions at Eclipse 2007.,Paul Slauenwhite,http://www.eclipsecon.org/2007,www.eclipsecon.org,org
49,28745,message #93319,Eclispe Plugins,Eric Clayberg,http://www.instantiations.com/codepro/ws/docs/features/audit/audit.html#Quic,www.instantiations.com,com
50,2974,message #8733,BPEL Designer,Eclipse User,http://download.eclipse.org/technology/bpel/update-site/,download.eclipse.org,org
51,30182,message #97855,[Announce] PDT 2.1.0RC3 is available,Eclipse User,http://www.eclipse.org/pdt/news/relnotes.php?project=pdt&;version=2.1.0RC3,www.eclipse.org,org
52,30265,message #98129,"BIRT 2.0M3 installation looks for ""org.eclipse.datatools.connectivity.oda""",Eclipse User,http://www.openbc.com/go/invuid/Ralf_Eisenreich,www.openbc.com,com
53,3096,message #9165,Costabile Santis joins ORMF as a committer,Barbara Rosi-Schwartz,http://www.etish.org,www.etish.org,org
54,31470,message #102060,Different start levels for different versions of a bundle,Eclipse User,https://bugs.eclipse.org/bugs/show_bug.cgi?id=208712,bugs.eclipse.org,org
55,31692,message #102781,Why is the ModelingAssistantService using the FORWARD strategy ?,Eclipse User,http://www.intalio.com,www.intalio.com,com
56,31887,message #103414,Large objects (BLOB),Eclipse User,http://www.elver.org/hibernate/ejb3_features.html#lob_notes,www.elver.org,org
57,32298,message #104766,Impossible dependency for installation?,Eclipse User,http://www.eclipse.org/vep/WebContent/faq.html#install,www.eclipse.org,org
58,32941,message #106816,Stupid Eclipse 2.0 Install Question,Jeff Hunter,https://bugs.eclipse.org/bugs/show_bug.cgi?id=34940,bugs.eclipse.org,org
59,33,message #117,New DTP Project Proposed!,Eclipse User,http://www.darwinsys.com/,www.darwinsys.com,com
60,33087,message #107301,How to update from 3.1.0 to 3.1.1?,Kim Moir,http://www.eclipse.org/eclipse/platform-releng/updatesfor3.1.1.html,www.eclipse.org,org
61,33515,message #108633,getting Visual Editor to work: gui dev.,Eclipse User,http://update.eclipse.org/tools/ve/updates/1.0/,update.eclipse.org,org
62,33550,message #108782,Where have Drilldown/Drillup?,David Michonneau,http://www.eclipse.org/birt/index.php?page=project/PlanAndDeliverables.html,www.eclipse.org,org
63,33744,message #109441,Troubleshooting OSGi jar wrapping,Eclipse User,http://www.springsource.com/repository/app/search?query=mysql,www.springsource.com,com
64,33962,message #110175,error when rap plugins loaded from workspace,Eclipse User,http://help.eclipse.org/ganymede/index.jsp?topic=/org.eclipse.rap.help/help/html/getting-started/launcher.html,help.eclipse.org,org
65,34691,message #112478,Chart capability??,David Michonneau,https://bugs.eclipse.org/bugs/,bugs.eclipse.org,org
66,37245,message #121046,How to obtain debug output from p2.generator ant task?,Andrew Niefer,https://bugs.eclipse.org/bugs/show_bug.cgi?id=254911,bugs.eclipse.org,org
67,37280,message #121135,Changing the LookAndFeel of Eclipse,Eclipse User,http://weconsultants.servebeer.com/JHackerAppManager,weconsultants.servebeer.com,servebeer.com
68,3810,message #11337,BPEL-Designer - Jars for Ganymede created,Eclipse User,http://www.miketech.net/bpel-designer.zip,www.miketech.net,net
69,38108,message #123887,How to open a new tab in the same browser RAP is running in?,rollo,https://bugs.eclipse.org/bugs/show_bug.cgi?id=267831,bugs.eclipse.org,org
70,3858,message #11484,RE: [buckminster-dev] New to Buckminster,Eclipse User,https://dev.eclipse.org/mailman/listinfo/buckminster-dev,dev.eclipse.org,org
71,38832,message #126201,In which state is creating of new tutorials for VE,hanys,https://bugs.eclipse.org/bugs/show_bug.cgi?id=48552,bugs.eclipse.org,org
72,39456,message #128291,Adding GMF to EMF model,Eclipse User,http://download.eclipse.org/modeling/gmf/downloads/drops/R-1.0.3-200702091900/index.php,download.eclipse.org,org
73,39460,message #128309,Missing Javax,Eclipse User,http://weconsultants.servebeer.com,weconsultants.servebeer.com,servebeer.com
74,40167,message #130539,Viewing HTTP request/response,Eclipse User,http://jakarta.apache.org/jmeter/,jakarta.apache.org,org
75,41055,message #133388,[Servus] What is the status of the proposal,Renat Zubairov,http://wiki.eclipse.org/Servus_Proposal,wiki.eclipse.org,org
76,4147,message #12387,Language packs break Ganymede,Eclipse User,http://www.catb.org/~esr/faqs/smart-questions.html,www.catb.org,org
77,41613,message #135240,http recording not available,Paul Slauenwhite,http://www.eclipse.org/tptp/home/downloads/updateManager.php,www.eclipse.org,org
78,4365,message #13043,Orbit update site?,David Williams,http://wiki.eclipse.org/Orbit_Builds,wiki.eclipse.org,org
79,4433,message #13337,[Announce] JET Build Announcements,Paul Elder,http://www.eclipse.org/modeling/m2t/downloads/?project=jet&a;mp;showAll=1&hlbuild=I200804231641#I200804231641,www.eclipse.org,org
80,4786,message #14454,Use of Eclipse in a medical office setting.,Eclipse User,http://jmoney.sourceforge.net/,jmoney.sourceforge.net,net
81,5108,message #15386,stable dev build 0.9.6.20080822-1053 is published,Eugene Kuleshov,http://docs.codehaus.org/display/M2ECLIPSE,docs.codehaus.org,org
82,5331,message #16088,check out the blog/wiki for picture from the f2f,Eclipse User,http://wiki.eclipse.org/index.php/Pictures_from_the_meeting,wiki.eclipse.org,org
83,5375,message #16197,Eclipse Roadmap Released!,Mike Milinkovich,http://www.eclipse.org/org/councils/roadmap.html,www.eclipse.org,org
84,561,message #1437,Welcome to eclipse.gyrex,Gunnar Wagenknecht,http://wagenknecht.org/,wagenknecht.org,org
85,6716,message #20378,Can TPTP be used to generate JUnit stubs for interfaces and abstract classes?,Christophe Cornu,http://www.junitdoclet.org/2005/04/000166.html,www.junitdoclet.org,org
86,6933,message #21066,Does this Work with JAVA 5?,Paul Slauenwhite,http://www.eclipse.org/tptp/home/documents/process/development/booking_feat,www.eclipse.org,org
87,7061,message #21492,it's too easy to lose history!!!,Edoardo Comar,https://bugs.eclipse.org/bugs/show_bug.cgi?id=237899,bugs.eclipse.org,org
88,7086,message #21572,Bugzilla URL attachments render as text,Eclipse User,https://bugs.eclipse.org/bugs/show_bug.cgi?id=151450,bugs.eclipse.org,org
89,7206,message #21961,"Suche ""Textual Modeling Tools""",Miguel Garcia,http://code.msdn.microsoft.com/oslo,code.msdn.microsoft.com,com
90,7322,message #22351,Bind TableViewer to Multiple Objects?,Stephen Panosian,http://dev.eclipse.org/viewcvs/index.cgi/org.eclipse.jface.examples.databinding/src/org/eclipse/jface/examples/databinding/snippets/Snippet013TableViewerEditing.java?view=markup,dev.eclipse.org,org
91,7900,message #24140,debug as a web page,Lorenzo Bettini,http://longlivemusic.blogspot.com,longlivemusic.blogspot.com,blogspot.com
92,7912,message #24175,Architecture Package Content Alignment Review Complete for OpenUP/Basic 0.9,Jim Ruehlin,https://bugs.eclipse.org/bugs/show_bug.cgi?id=165240,bugs.eclipse.org,org
93,8414,message #25858,Broken Suclipse buckminster headless ?,Guillaume Chatelet,http://repo1.maven.org/maven2/,repo1.maven.org,org
94,8768,message #26962,An issue in EcoreEnvironment for extensibility,Eclipse User,https://bugs.eclipse.org/bugs/show_bug.cgi?id=191504,bugs.eclipse.org,org
95,888,message #2324,###!!! ATTENTION --- NEW USERS !!!###,Eclipse User,http://lazaridis.com,lazaridis.com,com
96,9073,message #27868,[Announce] EMFT OCL I200603091004 is available,Chris McGee,http://eclipse.org/emft/news/release-notes.php?version=1.0.0,eclipse.org,org
97,9456,message #29088,unexpected differences with/without target namespace,Eclipse User,http://www.example.com/Library,www.example.com,com
98,992,message #2626,Why I favor Subclipse over Subversive.,Gunnar Wagenknecht,http://subclipse.tigris.org/issues/show_bug.cgi?id=527,subclipse.tigris.org,org
99,45098,message #146050,matching brace/bracket in C++ editor,Eclipse User,https://bugs.eclipse.org/bugs/show_bug.cgi?id=96749,bugs.eclipse.org,org
100,45386,message #146896,impossible to generate a soap:header part,Chris Brealey,https://bugs.eclipse.org/bugs/show_bug.cgi?id=117034,bugs.eclipse.org,org
101,46266,message #149447,Parent-child layout problem,Krassimir Kondarev,http://www.eclipse.org/gmf/2005/ToolDefinition,www.eclipse.org,org
102,47575,message #153301,Writting java code in JSP make problems,David Williams,https://bugs.eclipse.org/bugs/show_bug.cgi?id=3D108325,bugs.eclipse.org,org
103,51977,message #166099,What's New in the XML Schema Editor for WTP 1.5,Keith Chong,https://bugs.eclipse.org/bugs/show_bug.cgi?id=130706,bugs.eclipse.org,org
104,53276,message #169930,dynamic views,Alex Chapiro,http://www.eclipse.org/articles/viewArticle/ViewArticle2.html,www.eclipse.org,org
105,54000,message #172027,problem with notifications,Eclipse User,http://wiki.eclipse.org/GMF_Tips#Making_figures_sensitive_to_attributes_of_semantic_elements,wiki.eclipse.org,org
106,54600,message #173757,Displaying only a section of code,Axel Mueller,http://www.eclipsezone.com/eclipse/forums/t70008.html,www.eclipsezone.com,com
107,55425,message #176168,equals swap,Tobias Widmer,http://eclipsecolorer.sourceforge.net/advanqas,eclipsecolorer.sourceforge.net,net
108,57846,message #183369,Sash grid advice,Eclipse User,http://sourceforge.net/projects/eclipsetoolkit2/,sourceforge.net,net
109,59494,message #188109,graphical GUI designer?,Eric Clayberg,http://www.awprofessional.com/title/0321228472,www.awprofessional.com,com
110,62539,message #197246,Diagram configuration option,Nicola Salvo,http://www.omg.org/XMI,www.omg.org,org
111,63449,message #199952,how to get the current page number of total page number and show it in report?,Eclipse User,http://www.eclipse.org/birt/phoenix/deploy/reportScripting.php,www.eclipse.org,org
112,64565,message #203241,PDF export,Jens von Pilgrim,http://xml.apache.org/batik/,xml.apache.org,org
113,66438,message #208635,Adding Structure HideRule FormatValue,Daniel Hakenjos,http://www.eclipse.org/birt/phoenix/ref/rom/elements/Row.html#Property-visibility,www.eclipse.org,org
114,67959,message #213236,debugger - do no step into classes without source,Darin Swanson,https://bugs.eclipse.org/bugs/show_bug.cgi?id=106952,bugs.eclipse.org,org
115,68385,message #214467,How to set Result Set to the DataSet in report template?,Jason Weathersby,http://birtworld.blogspot.com/2005/11/using-embedded-java-objects-within.html,birtworld.blogspot.com,blogspot.com
116,73336,message #229219,"Re: Ident, not Format, in XML files",Raul Acevedo,https://bugs.eclipse.org/bugs/show_bug.cgi?id=269556,bugs.eclipse.org,org
117,73590,message #230044,Eclipse wiki down?,Eclipse User,http://eclipsewiki.swiki.net,eclipsewiki.swiki.net,net
118,73794,message #230663,Problems view displayed as a Table-Tree ...,Eclipse User,http://springide.org/project/attachment/wiki/SpringideGuide/ConfigValidator.png,springide.org,org
119,74188,message #231888,It's in the <ABC> FAQ,Eclipse User,http://dev.eclipse.org/viewcvs/index.cgi/%7Echeckout%7E/pde-ui-home/selfhos,dev.eclipse.org,org
120,74417,message #232554,fine grain expression analysis,Markus Keller,http://www.eclipse.org/jdt/ui/astview/index.php,www.eclipse.org,org
121,77322,message #240762,need some projects with junit test cases,Eclipse User,http://www.eclipse.org/modeling/emf/downloads/?showAll=1&;amp,www.eclipse.org,org
122,78331,message #243482,[Announce] GEF 3.4.0RC4 is available,Anthony Hunter,http://www.eclipse.org/gef/downloads/?project=gef&showAll=1&hlbuild=S200806091334#S200806091334,www.eclipse.org,org
123,78410,message #243720,M9: SWT Errors in editor,Eclipse User,https://bugs.eclipse.org/bugs/show_bug.cgi?id=63564,bugs.eclipse.org,org
124,79225,message #246307,Analyzing IF statements using Eclipse ASTParser,Eclipse User,http://www.eclipse.org/jdt/ui/astview/index.php,www.eclipse.org,org
125,79304,message #246588,"FAQ: ""It's in the <ABC> FAQ""",Eclipse User,http://dev.eclipse.org/viewcvs/indextech.cgi/~checkout~/aspectj-home/doc/faq.html,dev.eclipse.org,org
126,84739,message #263141,Eclipse 3.0 and RTF copy,Ed Burnette,https://bugs.eclipse.org/bugs/show_bug.cgi?id=64498,bugs.eclipse.org,org
127,86273,message #267771,Setting up a new dynamic web project,Eclipse User,http://wiki.eclipse.org/User:Nickb,wiki.eclipse.org,org
128,100618,message #307622,JFace-Viewer 3.3-Features for 3.2 Users,Thomas Schindl,https://bugs.eclipse.org/bugs/show_bug.cgi?id=87733,bugs.eclipse.org,org
129,100684,message #307826,Eclipse documentation fault,Paul Webster,https://bugs.eclipse.org/bugs/,bugs.eclipse.org,org
130,102361,message #312639,[Requesting Support]Eclipse + knopflerfish,John J. Barton,http://wiki.eclipse.org/index.php/Pragmatic_Advice_on_PDE_Classpath,wiki.eclipse.org,org
131,104261,message #318390,Eclipse can not start up with -Xmx1024m,Eclipse User,http://java.sun.com/docs/hotspot/HotSpotFAQ.html,java.sun.com,com
132,104852,message #320295,What to do with beta versions?,Eclipse User,http://wiki.eclipse.org/EMFT#Builds_.26_Server_Configuration,wiki.eclipse.org,org
133,106149,message #324442,Re: How to refresh the workbench toolbar ?,Paul Webster,http://wiki.eclipse.org/Platform_Command_Framework,wiki.eclipse.org,org
134,106474,message #325539,"""The operation is not currently available""",Paul Webster,http://wiki.eclipse.org/Platform_Command_Framework,wiki.eclipse.org,org
135,106501,message #325612,Eclipse Help System Bug?,Dan O'Neill,http://help.eclipse.org/help33/index.jsp?topic=/org.eclipse.jst.jsf.doc.dev/html/api_reference/index.html,help.eclipse.org,org
136,107065,message #327380,Using CharsetICU in Eclipse,Paul Webster,http://wiki.eclipse.org/Menu_Contributions,wiki.eclipse.org,org
137,107544,message #328828,crosstab refresh data cube,Tianli Zhang,https://bugs.eclipse.org/bugs/show_bug.cgi?id=208511,bugs.eclipse.org,org
138,108290,message #331005,dropdown menu in view toolbar,Paul Webster,http://wiki.eclipse.org/Command_Core_Expressions,wiki.eclipse.org,org
139,108651,message #332052,Toolbar buttons with Eclipse Look,Paul Webster,http://wiki.eclipse.org/Platform_Command_Framework,wiki.eclipse.org,org
140,108941,message #332895,Providing a custom sorter for Project Explorer,Francis Upton IV,http://help.eclipse.org/ganymede/topic/org.eclipse.platform.doc.isv/guide/cnf.htm,help.eclipse.org,org
141,109852,message #335653,using fragments for version-specific features,Paul Webster,http://wiki.eclipse.org/Menus_Extension_Mapping,wiki.eclipse.org,org
142,110140,message #336500,Getting the IPartService from the Workbench...Getting null.,Paul Webster,http://wiki.eclipse.org/Menu_Contributions,wiki.eclipse.org,org
143,114844,message #350030,Disable logging,Raheel Ashraf,http://dev.eclipse.org/newslists/news.eclipse.birt/msg12005.html,dev.eclipse.org,org
144,118008,message #359144,Disable logging,Raheel Ashraf,http://dev.eclipse.org/newslists/news.eclipse.birt/msg12005.html,dev.eclipse.org,org
145,118579,message #360779,BIRT gurus: temporary tables or insert/delete,Leos Literak,http://www.krugle.org/examples/p-vIKakRc9j0FY1NL4/TestUtil.java,www.krugle.org,org
146,120088,message #365946,How to define the first day of the week when using weekly interval,Eclipse User,http://www.birt.eclipse.org/ChartModelType,www.birt.eclipse.org,org
147,121776,message #371765,How to paint cell?,Eclipse User,https://bugs.eclipse.org/bugs/show_bug.cgi?id=37998,bugs.eclipse.org,org
148,122142,message #372906,UnsatisifedLinkError on RedHat 8.0 with Eclipse R2.1.1 (Motif),Eclipse User,http://dev.eclipse.org/viewcvs/index.cgi/%7Echeckout%7E/platform-swt-home/f,dev.eclipse.org,org
149,122857,message #375058,Source repository access,Derek Palma,https://bugs.eclipse.org/bugs/show_bug.cgi?id=252639,bugs.eclipse.org,org
150,123799,message #378426,SWT Table performance problems again....,Steve Northover,https://bugs.eclipse.org/bugs/show_bug.cgi?id=36226,bugs.eclipse.org,org
151,124026,message #379308,newWizard menus and extension in RCP,Nick Edgar,https://bugs.eclipse.org/bugs/show_bug.cgi?id=73736,bugs.eclipse.org,org
152,124171,message #379782,Problems generating a model that inherits features from two places,Randall Hauch,http://www.joe.com/MultipleInheritance,www.joe.com,com
153,125658,message #385268,ReadAllQuery in 2-tier Swing App,James Sutherland,http://www.nabble.com/EclipseLink---Users-f26658.html,www.nabble.com,com
154,126195,message #387427,Help using the Dynamic JPA,Doug Clarke,https://bugs.eclipse.org/bugs/show_bug.cgi?id=200045,bugs.eclipse.org,org
155,126285,message #387784,drop-and-create-tables for Oracle,James Sutherland,http://www.nabble.com/EclipseLink---Users-f26658.html,www.nabble.com,com
156,127605,message #392827,Can I use Dynamic EMF for this?,Ed Merks,http://www.example.com/Library,www.example.com,com
157,127666,message #393083,FYI: EMF/SDO/XSD Corner is working again / new contributions welcome,Nick Boldt,http://www.eclipse.org/emf/models/,www.eclipse.org,org
158,128656,message #396936,Is it possible to generate non Java code with the generator framework,David Steinberg,http://eclipse.org/emf/docs.php,eclipse.org,org
159,129226,message #399038,nested attribute edit creates two Commands on the stack,Koen van Dijken,http://www.eclipse.org/emf/2002/GenModel,www.eclipse.org,org
160,129260,message #399170,Preserving View and RCP Window Locations and Size,Nick Edgar,http://help.eclipse.org/help30/topic/org.eclipse.platform.doc.isv/reference/api/org/eclipse/ui/IPersistableElement.html,help.eclipse.org,org
161,130261,message #403200,Best Practices for Multiple Models & Sources,Ed Merks,https://bugs.eclipse.org/bugs/show_bug.cgi?id=136376,bugs.eclipse.org,org
162,130334,message #403461,How to define custom type represents RGB Class with schema ?,Ed Merks,http://dev.eclipse.org/viewcvs/indextools.cgi/*checkout*/org.eclipse.emf/doc/org.eclipse.emf.doc/references/overview/EMF.html,dev.eclipse.org,org
163,130423,message #403781,possible to generate a POJO using EMF?,Ed Merks,http://www.eclipse.org/emft/projects/teneo/#teneo,www.eclipse.org,org
164,130849,message #405554,DragNDrop from J2EE project Explorer to Editor,Ed Merks,https://bugs.eclipse.org/bugs/show_bug.cgi?id=161741,bugs.eclipse.org,org
165,131199,message #406882,2 model resolving problem,Marcus Ebner,http://www.w3.org/2001/XMLSchema-instance,www.w3.org,org
166,131308,message #407399,saving objects,Aleksandr Kravets,http://www.iwaysoftware.com/designer/model,www.iwaysoftware.com,com
167,131680,message #408848,[Announce] Eclipse Modeling Framework Component Builds,Eclipse User,http://www.eclipse.org/modeling/emf/news/relnotes.php?project=validation&version=I200802272005,www.eclipse.org,org
168,131913,message #409816,creating a jet project,Paul Elder,http://download.eclipse.org/modeling/m2t/updates/site-interim.xml=,download.eclipse.org,org
169,131996,message #410133,AnyTypeImpl is the root object instead of expected object.,Eclipse User,http://www.roguewave.com/composites/testUnmarshall,www.roguewave.com,com
170,88874,message #275191,Unicode bug,Eclipse User,https://bugs.eclipse.org/bugs/show_bug.cgi?id=77853,bugs.eclipse.org,org
171,89974,message #278120,Paste error,Eclipse User,https://bugs.eclipse.org/bugs/enter_bug.cgi,bugs.eclipse.org,org
172,93258,message #286855,SWT_AWT Linux-GTK crash ?,Eclipse User,https://bugs.eclipse.org/bugs/show_bug.cgi?id=74095,bugs.eclipse.org,org
173,93403,message #287269,Eclipse 3.1 now available,Kim Moir,http://download.eclipse.org/eclipse/downloads/drops/R-3.1-200506271435/eclipse-news.html,download.eclipse.org,org
174,95917,message #294498,multiple masterpages (page orientation),Eclipse User,https://bugs.eclipse.org/bugs/show_bug.cgi?id=215923,bugs.eclipse.org,org
175,96057,message #294888,multiple masterpages (page orientation),Eclipse User,https://bugs.eclipse.org/bugs/show_bug.cgi?id=215923,bugs.eclipse.org,org
176,96852,message #297073,summarizable annotations,Cristian Amitroaie,http://www.eclipse.org/articles/Article-Folding-in-Eclipse-Text-Editors/folding.html#projectionSupport,www.eclipse.org,org
177,97231,message #298239,Eclipse-BuddyPolicy and loading resources (NOT classes) failing,Nathan Beyer (Cerner),https://bugs.eclipse.org/bugs/show_bug.cgi?id=110712,bugs.eclipse.org,org
178,97529,message #299155,Problem with linked projects,Eclipse User,http://www.eclipsezone.com/eclipse/forums/t63698.html,www.eclipsezone.com,com
179,635703,message #1229510,Logout / Terminate Session,Ralf Sternberg,http://eclipsesource.com/services/rap/,eclipsesource.com,com
180,658622,message #1255807,Gemini Blueprint Milestone shipped with OSGi R4.2?,Dmitry Sklyut,https://repo.eclipse.org/service/local/repositories/gemini-blueprint-snapshots/content/org/eclipse/gemini/blueprint/gemini-blueprint/2.0.0.BUILD-SNAPSHOT/gemini-blueprint-2.0.0.BUILD-20140225.012502-113.pom,repo.eclipse.org,org
181,178344,message #566642,Re: Ganymede: Platform Plugin Developer Guide?,Eric Rizzo,http://www.eclipse.org/downloads/,www.eclipse.org,org
182,178423,message #566831,TM Webinar: archive and voting on EclipseLIVE!,Martin Oberhuber,http://www.eclipse.org/dsdp/tm,www.eclipse.org,org
183,179183,message #568950,Sr. QA Automation Lead Engineer - Replay Solutions,Eclipse User,http://www.replaysolutions.com/,www.replaysolutions.com,com
184,179919,message #570952,Scout meets press,Andreas Hoegger,"http://entwickler.de/zonen/portale/psecom,id,101,online,2918,neu,1.html",entwickler.de,de
185,180185,message #571681,COSMOS 1.0M3 is now available,David Whiteman,http://www.sdmx.org/,www.sdmx.org,org
186,181139,message #574689,[Announce] EMFT OCL 1.0.0M6a is available,Eclipse User,http://www.eclipse.org/emft/news/release-notes.php?version=1.0.0,www.eclipse.org,org
187,181398,message #575493,EGit with HTTP authentication,Sven-Arne Reinemo,http://www.jgit.org/updates,www.jgit.org,org
188,181825,message #576801,[Announce] EMFT VALIDATION 1.0.0 1.0RC2 is available,Eclipse User,http://download.eclipse.org/technology/emft/downloads/?proj=validation,download.eclipse.org,org
189,182133,message #577755,SCA Testing plug-in,bachra04 ,http://wiki.eclipse.org/STP/SCA_Component/SCA_Testing_SCA_Applications_Unit_Example,wiki.eclipse.org,org
190,183560,message #582365,Autocompletition (Total Nub),Dimitrios Kolovos,http://twitter.com/epsilonews,twitter.com,com
191,184089,message #584181,Composing Epsilon tools?,Dimitrios Kolovos,http://eclipse.org/gmt/epsilon/doc/workflow,eclipse.org,org
192,186253,message #590888,Saving/filtering breakpoints with task's context,Simeon Leyzerzon,https://bugs.eclipse.org/bugs/show_bug.cgi?id=123699,bugs.eclipse.org,org
193,186913,message #592962,To clear up some confusion regarding the committer election for Enrico...,Brian Fitzpatrick,http://bugs.eclipse.org/237640,bugs.eclipse.org,org
194,189006,message #599494,Process Framework (EPF) - new version of proposal is available,Ricardo Balduino,http://www.eclipse.org/proposals/beacon/,www.eclipse.org,org
195,189132,message #599852,How to access the data of the task list through public API?,Eike Stepper,http://twitter.com/eikestepper,twitter.com,com
196,190880,message #605627,Building an Eclipse Plugin (depending on another Eclipse Plugin) using Maven,Ed,http://mojo.codehaus.org/pde-maven-plugin/,mojo.codehaus.org,org
197,192071,message #609874,[TENEO] Problem of mapping when inheritance hierarchy in a stored metamodel,Hugo Bruneliere,http://www.eclipse.org/emf/2002/Ecore,www.eclipse.org,org
198,194402,message #618629,[xtext] Error in the generated PartitionScanner,Lorenzo Bettini,http://doublecpp.sourceforge.net,doublecpp.sourceforge.net,net
199,195369,message #622420,[Announce] MoDELS 2010 Call for Papers,Kenn Hussey,http://models2010.ifi.uio.no,models2010.ifi.uio.no,no
200,196099,message #624974,Eclipse and Corba,Scott Lewis,http://www.eclipse.org/ecf,www.eclipse.org,org
201,196121,message #625052,static profil definition,Eclipse User,http://dev.eclipse.org/newslists/news.eclipse.modeling.mdt.uml2/msg00817.html,dev.eclipse.org,org
202,196254,message #625496,Many Use Case diagrams and one model,Vlad Varnica,http://www.download-omondo.com/usecase_tracability.exe,www.download-omondo.com,com
203,196642,message #626881,Serialization: Workspace URIs vs. External URIs.,Nicolas Rouquette,http://example.org/MyProject/A.uml#,example.org,org
204,197527,message #629775,Hidden whitespace causes parsing error,Sven Efftinge,http://www.eclipse.org/emf/2002/Ecore,www.eclipse.org,org
205,198002,message #631348,[menus] How can I see which contribution adds a menu ?,Christophe Fondacci,http://www.nextep-softwares.com,www.nextep-softwares.com,com
206,198397,message #632697,RAP 1.4 M2 & IPad,Tim Buschtoens,https://bugs.eclipse.org/bugs/showdependencytree.cgi?id=323032&hide_resolved=1,bugs.eclipse.org,org
207,198456,message #632887,Launch failed Binary not found for mac,Russell Bateman,http://www.eclipse.org/forums/index.php?t=msg&th=161206&amp;start=0&S=ee0eebcff3c81c13215609d0cb0e48a1,www.eclipse.org,org
208,198939,message #634517,Should path variables be handled per workspace or per resource?,Paul Webster,http://wiki.eclipse.org/Platform_Command_Framework,wiki.eclipse.org,org
209,199105,message #635108,How to turn an Aggregation and Composition into a java classes and SQL tables?,Rafael Chaves,http://abstratt.com/blog,abstratt.com,com
210,199284,message #635758,Repository created by FeaturesAndBundlesPublisher doesn't show any items inside eclipse,Paul Webster,http://wiki.eclipse.org/Menus_Extension_Mapping,wiki.eclipse.org,org
211,199577,message #636825,createURI() problem on import rule.,Pierrick,http://wiki.eclipse.org/FAQ_How_do_I_access_the_active_project%3F,wiki.eclipse.org,org
212,199771,message #637526,ECF as TCP Socket Server ?,ekkehard gentz,http://red-open.org,red-open.org,org
213,200051,message #638409,Web Services,Gabi g,http://www.w3.org/2004/08/wsdl/in-out,www.w3.org,org
214,200425,message #639706,Exception in Birt while loading class in Google Analytics client library,piratejackus,http://www.birt-exchange.org/org/forum/index.php/topic/22184-google-analytics-api-as-a-scripted-data-source/,www.birt-exchange.org,org
215,201435,message #643401,link variable from Makefile,Gabriele ,http://www.eclipse.org/forums/index.php?t=msg&th=201414&amp;start=0&S=62991d9d14260fd630a0b164edba57b4,www.eclipse.org,org
216,201514,message #643716,[CDO] Getting started,Dan Pollitt,http://wiki.eclipse.org/Getting_started_with_CDO_Helios,wiki.eclipse.org,org
217,202276,message #646392,Bundle/Plugin redeploy on save,Paul Webster,http://wiki.eclipse.org/Platform_Command_Framework,wiki.eclipse.org,org
218,202711,message #647707,TitleAreaDialog using databinding validation to disable the OK button,Thomas Schindl,http://tomsondev.bestsolution.at/2011/01/08/enhanced-rcp-usage-of-titlearedialogsupport/,tomsondev.bestsolution.at,at
219,203358,message #650009,Parsing expressions without context,Eike Stepper,http://twitter.com/eikestepper,twitter.com,com
220,203473,message #650444,Trouble Exporting SWT Application,Paul Webster,http://wiki.eclipse.org/Menu_Contributions,wiki.eclipse.org,org
221,203917,message #651981,View object values in a View,Andrew Johnson,https://bugs.eclipse.org/bugs/show_bug.cgi?id=335943,bugs.eclipse.org,org
222,204057,message #652481,How to call Oracle function from eclipselink,Chris Delahunt,http://www.eclipse.org/forums/index.php?t=msg&th=204031&amp;start=0&S=268bd545394728b9fcbdfb096c1c09a4,www.eclipse.org,org
223,204686,message #654586,"[CDO] website, 1 point for improvement",Eike Stepper,http://wiki.eclipse.org/CDO_Source_Installation,wiki.eclipse.org,org
224,204736,message #654771,Losing atributes after transformation,Oscar Andres Fajardo F.,https://bugs.eclipse.org/bugs/show_bug.cgi?id=315007,bugs.eclipse.org,org
225,204788,message #654929,installing swtbot into target (3.7m4) using p2 director,Geoff Bache,"http://download.eclipse.org/technology/swtbot/helios/dev-build/update-site/,http://download.eclipse.org/eclipse/updates/3.6",download.eclipse.org,org
226,205255,message #656639,kdm missing some code elements?,Gabriel BARBIER,http://www.eclipse.org/downloads/index-developer.php,www.eclipse.org,org
227,206139,message #659900,RAP Deployment,Alexander Maurer,http://eclipsesource.com/blogs/2011/02/02/equinoxrap-war-products-has-moved-hello-eclipse-libra/,eclipsesource.com,com
228,206990,message #662660,Birt Source code,Adam,https://bugs.eclipse.org/bugs/show_bug.cgi?id=342025,bugs.eclipse.org,org
229,207181,message #663361,OutOfMemoryError: Java heap space,Rafael Angarita,http://www.eclipse.org/Xtext/documentation/1_0_0/xtext.html#resourcedescriptions,www.eclipse.org,org
230,207196,message #663419,Problem with data type rules and terminal rules Xtext 2.0M6,Henrik Lindberg,http://www.eclipse.org/emf/2002/Ecore,www.eclipse.org,org
231,207631,message #664934,[CDO] OCL query and deleted objects,Eike Stepper,https://bugs.eclipse.org/bugs/show_bug.cgi?id=342595,bugs.eclipse.org,org
232,207708,message #665253,Please help me get update working,Paul Webster,http://www.example.com/myProd/updates/myProd-v20110403-0800,www.example.com,com
233,207708,message #665253,Please help me get update working,Paul Webster,http://help.eclipse.org/helios/index.jsp?topic=/org.eclipse.platform.doc.isv/guide/p2_composite_repositories.htm,help.eclipse.org,org
234,207709,message #665260,Replace Data Set Columns Dynamically Based on Parameter,Meghan Missing name,http://www.eclipse.org/birt/report/model/adapter/odaModel,www.eclipse.org,org
235,207984,message #666266,Is it safe patching Bug 51210 against 2.4.2,Rob Mising name,https://bugs.eclipse.org/bugs/show_bug.cgi?id=51210,bugs.eclipse.org,org
236,208369,message #667521,[Acceleo] Generation templates not working with run-time meta-models and dynamic instances,Stephane Begaudeau,https://bugs.eclipse.org/bugs/show_bug.cgi?id=340086,bugs.eclipse.org,org
237,208397,message #667621,How to install JDT on platform manually,Paul Webster,http://wiki.eclipse.org/Menus_Extension_Mapping,wiki.eclipse.org,org
238,208600,message #668276,xtext 2 sources,Lorenzo Bettini,http://www.lorenzobettini.it,www.lorenzobettini.it,it
239,208631,message #668410,SWTBot in Eclipse dropins,Ketan Padegaonkar,http://eclipse.org/swtbot,eclipse.org,org
240,208645,message #668441,Diagram partitioning saving problem,Lee ,http://www.jevon.org/wiki/GMF_Diagram_Partitioning,www.jevon.org,org
241,209631,message #672255,[Acceleo] Can Acceleo do something like JET's c:dump,Stephane Begaudeau,http://stephanebegaudeau.tumblr.com,stephanebegaudeau.tumblr.com,com
242,213298,message #683617,Is a fixed height view possible?,Artur Kronenberg,http://help.eclipse.org/helios/index.jsp?topic=/org.eclipse.platform.doc.isv/reference/api/org/eclipse/jface/action/IContributionItem.html,help.eclipse.org,org
243,218632,message #693463,ScrolledComposite and focus behavior,Ralf Sternberg,http://eclipsesource.com/services/rap/,eclipsesource.com,com
244,218815,message #693745,Problem with Indigo release,chris,http://www.eclipse.org/forums/index.php/mv/tree/200734/640774/#msg_640774,www.eclipse.org,org
245,219799,message #695207,getting started with SWT Bot,Eclipse User,http://download.eclipse.org/technology/swtbot/docs/videos/beginners/SWTBotGettingStartedIn5Minutes/,download.eclipse.org,org
246,220320,message #696103,(no subject),Mickael Istria - away until August 14th,http://twitter.com/#!/mickaelistria,twitter.com,com
247,220320,message #696103,(no subject),Gunnar Wagenknecht,http://www.bugzilla.org/support/,www.bugzilla.org,org
248,222091,message #699012,How to read UML elements from a loaded file,wws_ques wws_ques,http://schema.omg.org/spec/XMI/2.1,schema.omg.org,org
249,234598,message #714851,How to scroll a text widget to bottom in code?,Ralf Sternberg,http://eclipsesource.com/blogs/,eclipsesource.com,com
250,235213,message #715897,Nested GA inside FixedPointAnchors?,Hernan Gonzalez,http://imageshack.us/photo/my-images/856/graphiti.png/,imageshack.us,us
251,238195,message #721677,Create custom diagram type from profile,Neslepaks ,http://dev.eclipse.org/svnroot/modeling/org.eclipse.mdt.papyrus/trunk/examples/others/org.eclipse.papyrus.example.diagram.simplediagram/docs/PapyrusDevelopperTutorial_OnDiagramCreating.odt,dev.eclipse.org,org
252,241846,message #728697,@EmbeddedId in conjunction with InheritanceType.JOINED does not generate PK-Field,James,http://java-persistence-performance.blogspot.com/,java-persistence-performance.blogspot.com,blogspot.com
253,245460,message #735258,accessing the StatusLineManager,Lorenzo Bettini,http://www.myspace.com/supertrouperabba,www.myspace.com,com
254,245686,message #735735,Mapping Sapphire community across the world,Konstantin Komissarchik,https://www.ohloh.net/p/sapphire/map,www.ohloh.net,net
255,261678,message #755247,[Announce] Eclipse OCL 4.0.0 (Juno) M3 is now available,Adolfo Sanchez-Barbudo Herrera,http://download.eclipse.org/modeling/mdt/ocl/updates/milestones/4.0.0,download.eclipse.org,org
256,263912,message #761969,How-to install RAP 1.4.1 as target platform,Ralf Sternberg,http://eclipsesource.com/services/rap/,eclipsesource.com,com
257,264474,message #762986,Underlined text in a Label,Ivan Furnadjiev,http://eclipsesource.com/blogs/,eclipsesource.com,com
258,274898,message #776913,"""teardown"" to clean application's database?",Alexandra Schladebeck,http://help.eclipse.org/indigo/topic/org.eclipse.jubula.client.ua.help/html/reference/node13.html,help.eclipse.org,org
259,277864,message #781559,How I get node reference with drag n drop?,Michael Golubev,http://www.eclipse.org/forums/index.php/fa/6822/,www.eclipse.org,org
260,296330,message #804291,Buckminster plans for Eclipse Juno (4.2),Lorenzo Bettini,http://www.myspace.com/supertrouperabba,www.myspace.com,com
261,296393,message #804375,[CDO] Listen on WriteLock,Eike Stepper,https://bugs.eclipse.org/bugs/show_bug.cgi?id=351912,bugs.eclipse.org,org
262,314026,message #826071,reusing EditingDomainActionBarContributor for a View,Lorenzo Bettini,http://www.purplesucker.com,www.purplesucker.com,com
263,327016,message #841487,RSE: Telnet terminal without password asks for login data,Martin Oberhuber,http://dev.eclipse.org/mhonarc/lists/tm-dev/msg00102.html,dev.eclipse.org,org
264,328839,message #843776,Failed to activate Greenpages Sample in Virgo 3.0.2,Glyn Normington,http://www.eclipse.org/virgo/samples/,www.eclipse.org,org
265,337218,message #853368,Can CDT load previously opened files on demand on startup?,Yevgeny Shifrin,http://wiki.eclipse.org/How_to_report_a_deadlock,wiki.eclipse.org,org
266,351302,message #870741,SWTBot for eclipse Juno,Lorenzo Bettini,http://www.myspace.com/supertrouperabba,www.myspace.com,com
267,351494,message #871480,Jaas Login integration refresh problem,Ralf Sternberg,https://bugs.eclipse.org/bugs/show_bug.cgi?id=372296,bugs.eclipse.org,org
268,365125,message #889866,Get a reference to eclipse UI when running a java agent into Eclipse Process,Konstantin Komissarchik,http://www.eclipse.org/swt/,www.eclipse.org,org
269,366456,message #892065,Line endings again,Eike Stepper,http://www.esc-net.de,www.esc-net.de,de
270,366622,message #892714,Juno: code errors in generated model code of static uml profile,Ed Willink,https://bugs.eclipse.org/bugs/show_bug.cgi?id=382637,bugs.eclipse.org,org
271,367472,message #895572,Xcore validation,Ed Merks,http://www.eclipse.org/forums/index.php/mv/msg/366376/891806/,www.eclipse.org,org
272,367606,message #896062,CKeditor,Tim Buschtoens,http://eclipsesource.com/services/rap/,eclipsesource.com,com
273,367969,message #897436,Diagram Layout,Burak Ozturk,http://www.eclipse.org/articles/article.php?file=Article-Understanding-Layouts/index.html,www.eclipse.org,org
274,369002,message #900101,Defining an enumerations values?,Michael Jastram,http://wiki.eclipse.org/RMF/User_Guide/Reference#Enumeration_Datatypes,wiki.eclipse.org,org
275,369354,message #901423,WTP for eclipse Galileo,butny ,http://download.eclipse.org/webtools/downloads/drops/R3.4.0/R-3.4.0-20120612174739/,download.eclipse.org,org
276,372076,message #906769,Unique names validation - Builder required?,Sven Efftinge,http://blog.efftinge.de,blog.efftinge.de,de
277,380919,message #919331,[CDO] Thread-local legacy mode default,Eike Stepper,https://bugs.eclipse.org/bugs/show_bug.cgi?id=384036,bugs.eclipse.org,org
278,397494,message #938260,Upload file code deprecation,Ivan Furnadjiev,http://www.eclipse.org/rap/incubator/,www.eclipse.org,org
279,414023,message #956782,No application icon on main windows,Jim Jones,http://download.eclipse.org/eclipse/downloads/,download.eclipse.org,org
280,424161,message #968050,[CDO] Problem running clone example,Eike Stepper,http://thegordian.blogspot.com,thegordian.blogspot.com,blogspot.com
281,441349,message #990103,[CDO]Rollback in DBStore NullPointerException,Eike Stepper,http://twitter.com/eikestepper,twitter.com,com
282,441477,message #990561,[CDO] NPE at CDOObjectHistoryImpl.filter(CDOObjectHistoryImpl.java:58),Eike Stepper,http://www.esc-net.de,www.esc-net.de,de
283,441483,message #990581,Error when starting eclipse,Stephane Begaudeau,http://stephanebegaudeau.tumblr.com,stephanebegaudeau.tumblr.com,com
284,444606,message #994966,[CDO] Adapter does not receive RESOLVE notification,Eike Stepper,https://bugs.eclipse.org/bugs/show_bug.cgi?id=397232,bugs.eclipse.org,org
285,448925,message #1000873,Configurations and service.factoryPid,Castor Rodriguez,http://www.eclipse.org/forums/index.php/m/1004642/,www.eclipse.org,org
286,451093,message #1003802,RCP .product.root.feature doesn't have provider name,Mickael Istria - away until August 14th,http://twitter.com/mickaelistria,twitter.com,com
287,451589,message #1004550,Hudson jobs can not send mail after upgrading to version 3.0.0 and JDK 7.0,Jesper Tejlgaard,http://www.eclipse.org/forums/index.php?t=rview&goto=1004249#msg_1004249,www.eclipse.org,org
288,451978,message #1005122,[Texo] Map is not a known entity type,Bastian Wagenfeld,https://bugs.eclipse.org/bugs/show_bug.cgi?id=399086,bugs.eclipse.org,org
289,452148,message #1005562,output structured model by called rules,Dennis Wagelaar,http://www.eclipse.org/atl/documentation/basicExamples_Patterns/article.php?file=ListMetamodelRefactoring/index.html,www.eclipse.org,org
290,452786,message #1007960,org.eclipse.swt Dependency issues with RAP 2.0 and Tycho Build,Ken Lee,https://bugs.eclipse.org/bugs/show_bug.cgi?id=385512,bugs.eclipse.org,org
291,452866,message #1008207,Problem with eclipse installation,Stephan Herrmann,http://www.eclipse.org/forums/index.php/f/31/,www.eclipse.org,org
292,457874,message #1016247,transform completeocl resource,Ed Willink,http://www.eclipse.org/ocl/3.1.0/Pivot,www.eclipse.org,org
293,457940,message #1016441,Table selection issue,Ivan Furnadjiev,http://eclipsesource.com/blogs/,eclipsesource.com,com
294,460990,message #1021253,Use XSD Metamodel in ATL,Hugo Bruneliere,http://wiki.eclipse.org/ATL/User_Guide_-_The_ATL_Tools#Content_assist,wiki.eclipse.org,org
295,464584,message #1027539,Image is not displayed after reopen the plugin,Emerson Simbolon,https://bugs.eclipse.org/bugs/show_bug.cgi?id=404937,bugs.eclipse.org,org
296,464638,message #1027595,how to create a debug-able  lua interpreter for LDT,Marc Aubry,http://www.cocos2d-x.org/boards/18/topics/16025,www.cocos2d-x.org,org
297,474693,message #1039633,Generate Multiple Elements,Hugo Bruneliere,http://wiki.eclipse.org/ATL/User_Guide_-_The_ATL_Language#Lazy_Rules,wiki.eclipse.org,org
298,480898,message #1046910,Problem with RAP 1.5 App and Maven,Markus Knauer,http://download.eclipse.org/rt/rap/1.5/incubator/,download.eclipse.org,org
299,481418,message #1047527,How to register a UML Profile,André Ribeiro,http://wiki.eclipse.org/MDT-UML2Tools_How_To_Use_UML_Profiles#Register_Profile,wiki.eclipse.org,org
300,481426,message #1047538,[CDO] DBAdapter.readFields (Out of memory),Eike Stepper,http://www.esc-net.de,www.esc-net.de,de
301,481495,message #1047640,exporting cdo server feature product,Eike Stepper,http://thegordian.blogspot.com,thegordian.blogspot.com,blogspot.com
302,484727,message #1051399,GMF compare,John Mark,http://wiki.eclipse.org/EMF_Compare/User_Guide#Graphical_Comparison,wiki.eclipse.org,org
303,487341,message #1058270,import cannot be resolved,Arthur vD,http://www.osgi.org/Technology/HowOSGi,www.osgi.org,org
304,489177,message #1064196,EGit (JGit) incorrectly detects modifications if autocrlf is changed after repo creation,Vadim Dmitriev,https://bugs.eclipse.org/bugs/show_bug.cgi?id=392382#c4,bugs.eclipse.org,org
305,497681,message #1077912,Xtext 2.4.2 generating generic <T>,Jan Koehnlein,http://www.eclipse.org/forums/index.php/m/897165/?srch=generics#msg_897165,www.eclipse.org,org
306,500959,message #1081775,Change color font through Colorprovider,Ed Merks,https://bugs.eclipse.org/bugs/show_bug.cgi?id=411890,bugs.eclipse.org,org
307,523278,message #1107535,Cannot set osgi property using RAP launcher,Ivan Furnadjiev,http://www.eclipse.org/forums/index.php/mv/msg/505357/1086864/#msg_1086864,www.eclipse.org,org
308,524575,message #1108983,Hanging and long delays obtaining read locks,Michael Nielson,https://bugs.eclipse.org/bugs/attachment.cgi?id=233811,bugs.eclipse.org,org
309,529803,message #1114903,EMFTVM avoiding using elements from the output model,Dennis Wagelaar,http://wiki.eclipse.org/ATL/EMFTVM#Advanced_tracing,wiki.eclipse.org,org
310,538322,message #1124408,Parametrize slave node,k z,http://projects.eclipse.org/projects/technology.hudson,projects.eclipse.org,org
311,561544,message #1149285,Xtend vs. Xpand?,Gary Worsham,http://www.eclipse.org/Xtext/documentation.html,www.eclipse.org,org
312,575512,message #1164126,"Webstart , equinox launcher which parameters in JNLP file",Christophe Bouhier,http://www.netxforge.com/demo/plugins/org.apache.commons.math_2.2.0.201310300104.jar,www.netxforge.com,com
313,575513,message #1164127,"Webstart , equinox launcher which parameters in JNLP file",Christophe Bouhier,http://www.netxforge.com/demo/plugins/org.eclipse.nebula.jface.cdatetime_0.14.0.201303141537.jar,www.netxforge.com,com
314,584161,message #1173139,Intercept mnemonic,Tim Buschtoens,http://eclipsesource.com/blogs/,eclipsesource.com,com
315,627912,message #1219217,ECF WebSocket provider,Eclipse User,http://www.videonext.com,www.videonext.com,com
316,628078,message #1219776,EMF Roadmap?,Steve Suehs,http://www.eclipse.org/modeling/emf/,www.eclipse.org,org
317,628265,message #1220378,Command Line,Mickael Istria - away until August 14th,http://twitter.com/mickaelistria,twitter.com,com
318,663412,message #1261027,ComboViewer  - flag icons cannot appear,David Lee,http://www.eclipse.org/rap/noteworthy/1.4/,www.eclipse.org,org
319,739750,message #1341640,Eclipse high CPU usage and eventually out of memory,Yevgeny Shifrin,http://wiki.eclipse.org/How_to_report_a_deadlock,wiki.eclipse.org,org
320,796027,message #1403008,Help With Re-installing Eclipse,Russell Bateman,http://www.eclipse.org/forums/index.php/t/198527/,www.eclipse.org,org
321,799295,message #1408131,Associated Elements Expression,Laurent Redor,http://help.eclipse.org/luna/topic/org.eclipse.acceleo.doc/pages/reference/operations.html?cp=0_3_2,help.eclipse.org,org
322,805905,message #1416027,Docking of panels,Ivan Furnadjiev,https://bugs.eclipse.org/bugs/show_bug.cgi?id=315680,bugs.eclipse.org,org
323,806197,message #1416801,Help understanding code assist,Simon Bernard,https://bugs.eclipse.org/bugs/show_bug.cgi?id=370583,bugs.eclipse.org,org
324,813151,message #1424807,get the name of the file storing a model,Maxime Porhel,http://www.obeodesigner.com/sirius,www.obeodesigner.com,com
325,835837,message #1450419,Support @AttributeOverrides and @JoinColumns as Annotation in DSL,Sebastian Zarnekow,http://xtext.itemis.com,xtext.itemis.com,com
326,836565,message #1451287,no content assist proposal for XExpression,Sebastian Zarnekow,https://bugs.eclipse.org/bugs/show_bug.cgi?id=446408,bugs.eclipse.org,org
327,852191,message #1468173,How to suppress the Questionnaire in automated tests?,Eike Stepper,http://twitter.com/eikestepper,twitter.com,com
328,862273,message #1478994,[EMFStore] Performance Hit by number of checked out projects,Maximilian Koegel,http://eclipsesource.com/en/services/developer-support/,eclipsesource.com,com
329,1007134,message #1629707,Who can help me to extend the BPMN2 Plugin?,Ralph Soika,http://www.imixs.org/modeler/create_model.html,www.imixs.org,org
330,1026558,message #1649925,"Job offering: Software Engineer (Java, Eclipse RCP) in domain of access networking [Ghent, Belgium]",Tim De Backer,https://www.youtube.com/user/ByteBlower,www.youtube.com,com
331,1065796,message #1692649,customize error &quot;Cannot use this in a static context&quot;,Lorenzo Bettini,http://www.packtpub.com/implementing-domain-specific-languages-with-xtext-and-xtend/book,www.packtpub.com,com
332,1069023,message #1703552,class file has wrong version 51.0，should be 49.0,Erick Hagstrom,https://en.wikipedia.org/wiki/Java_class_file#General_layout,en.wikipedia.org,org
333,1069651,message #1706178,Problem installing Kura 1.2.1,Michael R.,http://www.eclipse.org/kura/downloads.php,www.eclipse.org,org
334,1069671,message #1706248,Injected API Requests,Nedelcho Delchev,https://bugs.eclipse.org/bugs/show_bug.cgi?id=477725,bugs.eclipse.org,org
335,1069982,message #1707248,[Solved] Segoe Ui semibold font creation,Quang Tran,https://msdn.microsoft.com/en-us/library/windows/desktop/dd145037(v=vs.85).aspx,msdn.microsoft.com,com
336,1070246,message #1708088,Are there any good working e4 example?,Mihael Schmidt,https://github.com/fipro78/e4-cookbook-migration-guide/tree/master/e4-based-application,github.com,com
337,1070717,message #1709646,update installed package remotely,paul stanton,http://eclipse.github.io/kura/ref/mqtt-namespace.html,eclipse.github.io,github.io
338,1071073,message #1710870,[EMF Forms] Tree Master Detail endless-loop,Jonas Helming,http://eclipsesource.com/blogs/tutorials/emf-forms-view-model-elements/#treemasterdetail,eclipsesource.com,com
339,1071477,message #1712332,How to keep the relative position of nodes when copy paste?,Laurent Redor,https://bugs.eclipse.org/bugs/show_bug.cgi?id=453548,bugs.eclipse.org,org
340,1072615,message #1716134,Manipulating Oomph setup models programatically,Eike Stepper,http://www.esc-net.de,www.esc-net.de,de
341,1072832,message #1716896,Replacement for Buckminster in 2.9?,Larry LeBron,https://bugs.eclipse.org/bugs/show_bug.cgi?id=484043,bugs.eclipse.org,org
342,1072917,message #1717197,New Xtext and Xtend Gradle Plugins,Michael Vorburger,https://github.com/xtext/maven-xtext-example/pull/36/,github.com,com
343,1074000,message #1720626,Check spelling in RAP,Juliet Zheng,https://bugs.eclipse.org/bugs/show_bug.cgi?id=314453,bugs.eclipse.org,org
344,1074079,message #1720939,Error: TypeError: Cannot read property 'size' of undefined,Ivan Furnadjiev,http://eclipsesource.com/services/rap/,eclipsesource.com,com
345,1075347,message #1725532,Minimal Runtime Configuration,Pierre-Charles David,http://www.obeodesigner.com/sirius,www.obeodesigner.com,com
346,1075839,message #1727233,ECLIPSE_HOME should point to target platform,Eike Stepper,http://twitter.com/eikestepper,twitter.com,com
347,1076653,message #1729708,Preference priorities,Eike Stepper,http://twitter.com/eikestepper,twitter.com,com
348,1076813,message #1730202,Bug in the project properties => C/C++ Build => Settings,Jonah Graham,https://bugs.eclipse.org/bugs/show_bug.cgi?id=492486,bugs.eclipse.org,org
349,1077349,message #1731955,Maven build problem,Thomas Schindl,http://download.eclipse.org/efxclipse/runtime-nightly/site/content.xml,download.eclipse.org,org
350,1077533,message #1732539,properties-> c++ build not found,christian petrucci,https://github.com/trishume/eyeLike,github.com,com
351,1078477,message #1735203,Change the font part of label,Steve Monnier,https://www.eclipse.org/sirius/doc/developer/extensions-provide_custom_style.html,www.eclipse.org,org
352,1078490,message #1735249,File copy under win7,Yannick Loe,https://wiki.eclipse.org/Eclipse_Oomph_Authoring,wiki.eclipse.org,org
353,1078714,message #1736041,Can not run WAR-file with RAP Demo,Ivan Furnadjiev,http://eclipsesource.com/blogs/,eclipsesource.com,com
354,1078810,message #1736335,PermGen space problem eclipse kepler,Ed Merks,https://wiki.eclipse.org/FAQ_How_do_I_increase_the_permgen_size_available_to_Eclipse%3F,wiki.eclipse.org,org
355,1079720,message #1739286,Kura 2.0 web ui,Matteo Maiero,http://www.eclipse.org/downloads/download.php?file=/kura/releases/2.0.0/kura_2.0.0_raspberry-pi-2_installer.deb,www.eclipse.org,org
356,1080457,message #1741422,Inherit null annotations not working for external annotations?,Michael Vorburger,https://github.com/vorburger/eclipse-null-eea-augments/blob/master/examples/eclipse/hello/.settings/org.eclipse.jdt.core.prefs#L2,github.com,com
357,1080981,message #1742704,MDHT and FHIR Profiles,Geoffry Roberts,http://www.eclipse.org/mdht/schema/fhir/core/resource/1.0.0,www.eclipse.org,org
358,1081631,message #1744691,Unauthorized 401 when trying to clone,Ed Merks,https://bugs.eclipse.org/bugs/show_bug.cgi?id=501000,bugs.eclipse.org,org
359,1081672,message #1744848,Building the web-based editor in a project with existing Ecore model,Christian Dietrich,https://github.com/eclipse/xtext-core/issues/35,github.com,com
360,1081929,message #1745671,CoAP Conformance example test cases in titan.misc,Naum Spaseski,https://tools.ietf.org/html/draft-ietf-core-block-15,tools.ietf.org,org
361,1083597,message #1751357,Edition Table - Initial Width,Laurent Fasani,http://help.eclipse.org/mars/topic/org.eclipse.sirius.doc/doc/specifier/tables/Tables.html?cp=69_2_3_1#edition_tables,help.eclipse.org,org
362,1083760,message #1751970,Icon presentation for elements in diagrams,Thomas Gericke,https://www.eclipse.org/forums/index.php/m/1694436/?srch=icon+stereotype#msg_1694436,www.eclipse.org,org
363,1084593,message #1754821,Problems when referencing Ecore elements using an imported Ecore model,Lorenzo Bettini,https://github.com/eclipse/xtext-core/issues/41?,github.com,com
364,1085134,message #1757991,Offline Storage of Derby Database for Raspberry Pi,Paolo Bazzi,https://db.apache.org/derby/papers/DerbyTut/embedded_intro.html,db.apache.org,org
365,1085524,message #1759417,Problems running Fortran code,Eric Rizzo,https://www.eclipse.org/photran/mailinglists.php,www.eclipse.org,org
366,1086018,message #1761084,Plan Version 3,Nedelcho Delchev,https://www.eclipse.org/forums/index.php/m/1761100/#msg_1761100,www.eclipse.org,org
367,1086365,message #1763909,Does anyone test e(fx)clipse applications?,Thomas Schindl,https://github.com/BestSolution-at/efxclipse-sample-mvvm,github.com,com
368,1087615,message #1768518,How to work around the lack of SysML diagram frames?,Carsten Pitz,http://www.omg.org/spec/UML/20131001/UML.xmi,www.omg.org,org
369,1087658,message #1768664,Selective edit of rows in Nattable,Dirk Fauth,https://www.eclipse.org/nattable/documentation.php?page=editing,www.eclipse.org,org
370,1090455,message #1777945,Connecting to a non-xtext language from Eclipse: Binding ResourceDescriptionStrategy,Christian Dietrich,https://typefox.io/linking-xtext-models-with-other-emf-models,typefox.io,io
371,1091021,message #1779668,Question about advanced configuration in Sirius,Bo Zhang,https://www.eclipse.org/sirius/doc/developer/extensions-provide_custom_style.html,www.eclipse.org,org
372,1092870,message #1785712,sorting options with resource save api,Ed Willink,https://www.eclipse.org/modeling/tmf/downloads/,www.eclipse.org,org
373,1093619,message #1790220,RIoT - the IoT load/performance generator based on TTCN-3 and Titan,Elemer Lelik,http://git.eclipse.org/gitroot/titan/titan.ApplicationLibraries.CoAP,git.eclipse.org,org
374,1095208,message #1795285,C++ Template Find References,Marc-André Laperle,https://bugs.eclipse.org/bugs/enter_bug.cgi?product=CDT,bugs.eclipse.org,org
375,1095755,message #1796939,Sirius Tutorial for dummies,Frederic Madiot,https://wiki.eclipse.org/Sirius/Tutorials/DomainModelTutorial,wiki.eclipse.org,org
376,1095814,message #1797081,How to install Moka in Papyrus 2018-9?,Quentin Le Menez,http://download.eclipse.org/modeling/mdt/papyrus/components/moka/?d,download.eclipse.org,org
377,1095999,message #1797654,Imagick support in PDT,Eclipse User,http://php.net/imagick,php.net,net
378,1096062,message #1797822,org.eclipse.swt.widgets.Event.text return unexpected value,Ivan Furnadjiev,https://github.com/eclipse/rap/blob/master/examples/org.eclipse.rap.examples.pages/src/org/eclipse/rap/examples/pages/ValidationExamplePage.java,github.com,com
379,893678,message #1512096,problem in evaluating the UML model with OCL API,Ed Willink,https://bugs.eclipse.org/bugs/show_bug.cgi?id=455704,bugs.eclipse.org,org
380,896207,message #1514780,Project import fails on non-existent source folder,Eike Stepper,http://thegordian.blogspot.com,thegordian.blogspot.com,blogspot.com
381,986987,message #1608529,Invert String or Sequence,Dennis Wagelaar,http://www.omg.org/spec/OCL/2.2/,www.omg.org,org
382,997351,message #1619490,Import plain Java Projects,Eike Stepper,http://thegordian.blogspot.com,thegordian.blogspot.com,blogspot.com
