filenumber,purpose,message_id,title,author_name,full_link,link_path,domain,top_level_domain
728528,Q&A,message #1330113,"Another ""Ambiguous variable type defintions"" problem",Emre T,http://stackoverflow.com/questions/19702962/eclipse-manifest-mf-plugin-dependencies-different-icons,stackoverflow.com/questions,stackoverflow.com,com
628051,Q&A,message #1219680,Call xtend function in java,Christian Dietrich,http://xtext.itemis.com,http://xtext.itemis.com,xtext.itemis.com,com
314487,Q&A,message #826625,migrating to Xtext 2.3 and ITreeAppendable,Lorenzo Bettini,http://www.lorenzobettini.it,http://www.lorenzobettini.it,www.lorenzobettini.it,it
314487,Q&A,message #826625,migrating to Xtext 2.3 and ITreeAppendable,Lorenzo Bettini,http://www.purplesucker.com,http://www.purplesucker.com,www.purplesucker.com,com
314487,Q&A,message #826625,migrating to Xtext 2.3 and ITreeAppendable,Lorenzo Bettini,http://www.myspace.com/supertrouperabba,www.myspace.com/supertrouperabba,www.myspace.com,com
314487,Q&A,message #826625,migrating to Xtext 2.3 and ITreeAppendable,Lorenzo Bettini,http://tronprog.blogspot.com,http://tronprog.blogspot.com,tronprog.blogspot.com,blogspot.com
314487,Q&A,message #826625,migrating to Xtext 2.3 and ITreeAppendable,Lorenzo Bettini,http://longlivemusic.blogspot.com,http://longlivemusic.blogspot.com,longlivemusic.blogspot.com,blogspot.com
314487,Q&A,message #826625,migrating to Xtext 2.3 and ITreeAppendable,Lorenzo Bettini,http://www.gnu.org/software/src-highlite,www.gnu.org/software,www.gnu.org,org
314487,Q&A,message #826625,migrating to Xtext 2.3 and ITreeAppendable,Lorenzo Bettini,http://www.gnu.org/software/gengetopt,www.gnu.org/software,www.gnu.org,org
314487,Q&A,message #826625,migrating to Xtext 2.3 and ITreeAppendable,Lorenzo Bettini,http://www.gnu.org/software/gengen,www.gnu.org/software,www.gnu.org,org
314487,Q&A,message #826625,migrating to Xtext 2.3 and ITreeAppendable,Lorenzo Bettini,http://doublecpp.sourceforge.net,http://doublecpp.sourceforge.net,doublecpp.sourceforge.net,net
314487,Q&A,message #826625,migrating to Xtext 2.3 and ITreeAppendable,Sebastian Zarnekow,http://xtext.itemis.com,http://xtext.itemis.com,xtext.itemis.com,com
85708,Q&A,message #266027,Running eclipse-based applciation as standalone?,Eclipse User,http://dev.eclipse.org/viewcvs/index.cgi/~checkout~/platform-ui-home/rcp/index.html,dev.eclipse.org/viewcvs,dev.eclipse.org,org
139534,Q&A,message #439798,is there a preferred RCP mechanism for updating editors based on model-changes caused in a view?,venkataramana m,http://www.eclipsezone.com/eclipse/forums/m91955225.html,www.eclipsezone.com/eclipse,www.eclipsezone.com,com
139534,Q&A,message #439798,is there a preferred RCP mechanism for updating editors based on model-changes caused in a view?,venkataramana m,http://www.eclipsezone.com/eclipse/forums/m91955226.html,www.eclipsezone.com/eclipse,www.eclipsezone.com,com
123228,Q&A,message #376309,oAW error :'Couldn't find operation....',Eclipse User,http://www.tu-harburg.de/~soet1085/SM,www.tu-harburg.de/~soet1085,www.tu-harburg.de,de
123228,Q&A,message #376309,oAW error :'Couldn't find operation....',Eclipse User,http://www.w3.org/2001/XMLSchema,www.w3.org/2001,www.w3.org,org
204538,Misuse,message #654093,Generated Xtext FAQ,Stefan Henss,http://faqcluster.com/xtext-grammar,faqcluster.com/xtext,faqcluster.com,com
204538,Misuse,message #654093,Generated Xtext FAQ,Stefan Henss,http://faqcluster.com/,http://faqcluster.com/,faqcluster.com,com
204538,Misuse,message #654093,Generated Xtext FAQ,Sebastian Zarnekow,http://xtext.itemis.com,http://xtext.itemis.com,xtext.itemis.com,com
204538,Misuse,message #654093,Generated Xtext FAQ,Stefan Henss,http://faqcluster.com/xtext-keywords.txt,faqcluster.com/xtext,faqcluster.com,com
801581,Q&A,message #1410808,Trying to manually install mylyn using copy&paste for Ubuntu eclipse luna,Sam Davis,http://download.eclipse.org/mylyn/releases/latest,download.eclipse.org/mylyn,download.eclipse.org,org
131867,Q&A,message #409632,validating the diagram while saving,Radomil Dvorak,http://www.opera.com/mail/,www.opera.com/mail,www.opera.com,com
178277,Announcement,message #566464,New EclipseUML 2008 for Java,Vlad Varnica,http://www.ejb3.org/download_studio_eclipse_3.4.html,www.ejb3.org/download_studio_eclipse_3.4.html,www.ejb3.org,org
764858,Q&A,message #1367356,Failure of executing StupidModel,Jimin Hwa,http://download.eclipse.org/amp/updates/milestones,download.eclipse.org/amp,download.eclipse.org,org
44577,Q&A,message #144542,calculations using two datasets,Eclipse User,http://www.eclipse.org/birt/phoenix/ref/ROM_Scripting_SPEC.pdf,www.eclipse.org/birt,www.eclipse.org,org
44577,Q&A,message #144542,calculations using two datasets,Eclipse User,http://www.eclipse.org/birt/phoenix/deploy/reportScripting.php,www.eclipse.org/birt,www.eclipse.org,org
100675,Q&A,message #307808,CVS weirdness,Michael Valenta,https://bugs.eclipse.org/bugs/show_bug.cgi?id=156155,bugs.eclipse.org/bugs,bugs.eclipse.org,org
126714,Q&A,message #389445,OSGI questions,Rafael Chaves,http://osgi.org/osgi_technology/download_specs.asp,osgi.org/osgi_technology,osgi.org,org
126714,Q&A,message #389445,OSGI questions,Jeff McAffer,https://bugs.eclipse.org/bugs/show_bug.cgi?id=65438,bugs.eclipse.org/bugs,bugs.eclipse.org,org
88943,Q&A,message #275421,J2EE plug-ins,Jean Couillaud,http://www.jboss.org/index.html?module=html&op=userdisplay&id=developers/projects/jboss/jbosside,www.jboss.org/index.html?module=html&op=userdisplay&id=developers,www.jboss.org,org
88943,Q&A,message #275421,J2EE plug-ins,Jean Couillaud,http://wiki.objectweb.org/eclipse-webtools/Wiki.jsp?page=ProjectLayout,wiki.objectweb.org/eclipse,wiki.objectweb.org,org
88943,Q&A,message #275421,J2EE plug-ins,Eclipse User,http://www.myeclipseide.com/ContentExpress-display-ceid-15.html,www.myeclipseide.com/ContentExpress,www.myeclipseide.com,com
1081708,Q&A,message #1744976,Cannot remove an explorer hierarchy attached to top of main editor window,Eric Rizzo,http://help.eclipse.org/neon/index.jsp?topic=%2Forg.eclipse.jdt.doc.user%2Freference%2Fref-java-editor-breadcrumb.htm,help.eclipse.org/neon,help.eclipse.org,org
628433,Q&A,message #1220983,Suddenly multiple error messages,Eustace Fril,https://files.nyu.edu/emf202/public/jv/nataltransits.html,files.nyu.edu/emf202,files.nyu.edu,edu
628433,Q&A,message #1220983,Suddenly multiple error messages,Eustace Fril,https://files.nyu.edu/emf202/public/js/spherical.html,files.nyu.edu/emf202,files.nyu.edu,edu
1084906,Q&A,message #1756023,GDB debugging with OpenOCD in Eclipse Mars on Windows Machine,David Vavra,https://msdn.microsoft.com/en-us/library/cc704588.aspx,msdn.microsoft.com/en,msdn.microsoft.com,com
1084906,Q&A,message #1756023,GDB debugging with OpenOCD in Eclipse Mars on Windows Machine,David Vavra,http://gnuarmeclipse.github.io/,http://gnuarmeclipse.github.io/,gnuarmeclipse.github.io,github.io
1084906,Q&A,message #1756023,GDB debugging with OpenOCD in Eclipse Mars on Windows Machine,David Vavra,http://gnuarmeclipse.github.io/openocd/,gnuarmeclipse.github.io/openocd,gnuarmeclipse.github.io,github.io
1084906,Q&A,message #1756023,GDB debugging with OpenOCD in Eclipse Mars on Windows Machine,David Vavra,http://gnuarmeclipse.github.io/debug/openocd/,gnuarmeclipse.github.io/debug,gnuarmeclipse.github.io,github.io
1084906,Q&A,message #1756023,GDB debugging with OpenOCD in Eclipse Mars on Windows Machine,David Vavra,http://gnuarmeclipse.github.io/support/,gnuarmeclipse.github.io/support,gnuarmeclipse.github.io,github.io
1084906,Q&A,message #1756023,GDB debugging with OpenOCD in Eclipse Mars on Windows Machine,David Vavra,http://gnuarmeclipse.github.io/support/forum/,gnuarmeclipse.github.io/support,gnuarmeclipse.github.io,github.io
52225,Q&A,message #166857,Can one hooks the events of standard menu items,kiril mitov,http://help.eclipse.org/help32/topic/org.eclipse.platform.doc.isv/guide/wrkAdv_retarget.htm,help.eclipse.org/help32,help.eclipse.org,org
786108,Q&A,message #1391712,There is a scroll problem with the RAP 2.2/2.3 in Chrome 35+,Arnaud MERGEY,http://rap.eclipsesource.com/demo/release/rapdemo/#gmaps,rap.eclipsesource.com/demo,rap.eclipsesource.com,com
786108,Q&A,message #1391712,There is a scroll problem with the RAP 2.2/2.3 in Chrome 35+,Ivan Furnadjiev,https://bugs.eclipse.org/bugs/show_bug.cgi?id=435200,bugs.eclipse.org/bugs,bugs.eclipse.org,org
786108,Q&A,message #1391712,There is a scroll problem with the RAP 2.2/2.3 in Chrome 35+,Ivan Furnadjiev,http://eclipsesource.com/blogs/,eclipsesource.com/blogs,eclipsesource.com,com
786108,Q&A,message #1391712,There is a scroll problem with the RAP 2.2/2.3 in Chrome 35+,Ivan Furnadjiev,http://eclipsesource.com/services/rap/,eclipsesource.com/services,eclipsesource.com,com
786108,Q&A,message #1391712,There is a scroll problem with the RAP 2.2/2.3 in Chrome 35+,Ivan Furnadjiev,https://bugs.webkit.org/show_bug.cgi?id=125070,bugs.webkit.org/show_bug.cgi?id=125070,bugs.webkit.org,org
786108,Q&A,message #1391712,There is a scroll problem with the RAP 2.2/2.3 in Chrome 35+,Ivan Furnadjiev,https://wiki.eclipse.org/RAP/FAQ#Scrolling_looks_broken_in_Google_Chrome.2C_Safari_or_Opera,wiki.eclipse.org/RAP,wiki.eclipse.org,org
85563,Q&A,message #265600,Having trouble committing a file,D. Alvarado,http://screencast.com/t/OSJMPolYF,screencast.com/t,screencast.com,com
85563,Q&A,message #265600,Having trouble committing a file,Eclipse User,http://wiki.eclipse.org/index.php/User:Nickb,wiki.eclipse.org/index.php,wiki.eclipse.org,org
85563,Q&A,message #265600,Having trouble committing a file,D. Alvarado,http://screencast.com/t/8nhlm7Z2j,screencast.com/t,screencast.com,com
17699,Information,message #56697,[Announce] QVT Relations implementation,Hajo Eichler,http://www.ikv.de/index.php?option=com_content&task=view&id=75&Itemid=77,www.ikv.de/index.php?option=com_content&task=view&id=75&Itemid=77,www.ikv.de,de
102038,Q&A,message #311603,is there a way to use the IWizardPage method performHelp()?,Paul E. Keyser,http://help.eclipse.org/help32/index.jsp,help.eclipse.org/help32,help.eclipse.org,org
203205,Q&A,message #649401,[CDO] EClass id,Eike Stepper,https://bugs.eclipse.org/bugs/show_bug.cgi?id=332888,bugs.eclipse.org/bugs,bugs.eclipse.org,org
203205,Q&A,message #649401,[CDO] EClass id,Eike Stepper,http://www.esc-net.de,http://www.esc-net.de,www.esc-net.de,de
203205,Q&A,message #649401,[CDO] EClass id,Eike Stepper,http://thegordian.blogspot.com,http://thegordian.blogspot.com,thegordian.blogspot.com,blogspot.com
203205,Q&A,message #649401,[CDO] EClass id,Eike Stepper,http://twitter.com/eikestepper,twitter.com/eikestepper,twitter.com,com
16140,Q&A,message #51581,NPE when trying to work on SQL file,Lars Vogel,https://bugs.eclipse.org/bugs/show_bug.cgi?id=256997,bugs.eclipse.org/bugs,bugs.eclipse.org,org
16140,Q&A,message #51581,NPE when trying to work on SQL file,Lars Vogel,http://www.vogella.de/eclipse.html,www.vogella.de/eclipse.html,www.vogella.de,de
16140,Q&A,message #51581,NPE when trying to work on SQL file,Lars Vogel,http://www.vogella.de/articles/RichClientPlatform/article.html,www.vogella.de/articles,www.vogella.de,de
18598,Q&A,message #59626,No. of Users in TPTP,Paul Slauenwhite,https://bugs.eclipse.org/bugs/enter_bug.cgi?classification=TPTP,bugs.eclipse.org/bugs,bugs.eclipse.org,org
574076,Q&A,message #1162611,[EMFStore] command stack notification storms,Maximilian Koegel,http://eclipsesource.com/munich,eclipsesource.com/munich,eclipsesource.com,com
574076,Q&A,message #1162611,[EMFStore] command stack notification storms,Edgar Mueller,https://bugs.eclipse.org/bugs/enter_bug.cgi?product=EMFStore,bugs.eclipse.org/bugs,bugs.eclipse.org,org
104103,Q&A,message #317900,Can I please get a zoom text tool in eclipse!!!,Eclipse User,https://bugs.eclipse.org/bugs,bugs.eclipse.org/bugs,bugs.eclipse.org,org
194869,Q&A,message #620492,JBI Deployment,Oisin Hurley,http://oisinh.wordpress.com,http://oisinh.wordpress.com,oisinh.wordpress.com,com
194869,Q&A,message #620492,JBI Deployment,Vincent Zurczak,http://wiki.jasmine.objectweb.org/xwiki/bin/view/Main/WebHome,wiki.jasmine.objectweb.org/xwiki,wiki.jasmine.objectweb.org,org
194869,Q&A,message #620492,JBI Deployment,Vincent Zurczak,http://www.ebmwebsourcing.com/forum/topic30.html,www.ebmwebsourcing.com/forum,www.ebmwebsourcing.com,com
194869,Q&A,message #620492,JBI Deployment,Vincent Zurczak,http://petals.objectweb.org,http://petals.objectweb.org,petals.objectweb.org,org
39747,Q&A,message #129230,Merge EMF (UML) Models,Pierre,http://dev.eclipse.org/newslists/news.eclipse.technology.emft/msg04924.html,dev.eclipse.org/newslists,dev.eclipse.org,org
39747,Q&A,message #129230,Merge EMF (UML) Models,Pierre,http://www.eclipse.org/uml2/2.0.0/UML,www.eclipse.org/uml2,www.eclipse.org,org
39747,Q&A,message #129230,Merge EMF (UML) Models,Laurent Goubet,http://dev.eclipse.org/viewcvs/index.cgi/org.eclipse.emf/org.eclipse.emf.compare/examples/org.eclipse.emf.compare.examples.standalone/?root=Modeling_Project,dev.eclipse.org/viewcvs,dev.eclipse.org,org
24644,Q&A,message #79842,[Draw2D] Jagged lines,Eclipse User,http://remotejava.dyndns.org/draw2d/draw2d_init.png,remotejava.dyndns.org/draw2d,remotejava.dyndns.org,dyndns.org
24644,Q&A,message #79842,[Draw2D] Jagged lines,Eclipse User,http://remotejava.dyndns.org/draw2d/draw2d_ugly1.png,remotejava.dyndns.org/draw2d,remotejava.dyndns.org,dyndns.org
24644,Q&A,message #79842,[Draw2D] Jagged lines,Eclipse User,http://remotejava.dyndns.org/draw2d/draw2d_ugly2.png,remotejava.dyndns.org/draw2d,remotejava.dyndns.org,dyndns.org
24644,Q&A,message #79842,[Draw2D] Jagged lines,Eclipse User,http://remotejava.dyndns.org/draw2d/gtktest.png,remotejava.dyndns.org/draw2d,remotejava.dyndns.org,dyndns.org
190270,Q&A,message #603555,Re: Eclipse Swing forms designer,John Bailo,http://www.eclipse.org/vep/,www.eclipse.org/vep,www.eclipse.org,org
18778,Q&A,message #60196,An entry point named 'default' does not exist.,Stefan  ,https://bugs.eclipse.org/bugs/show_bug.cgi?id=210235,bugs.eclipse.org/bugs,bugs.eclipse.org,org
87694,Q&A,message #271976,swt documentation locally,Eclipse User,http://help.eclipse.org/galileo/index.jsp?topic=/org.eclipse.platform.doc.isv/guide/ua_help_setup_infocenter.htm,help.eclipse.org/galileo,help.eclipse.org,org
21124,Q&A,message #67762,Question about OCL example,Eclipse User,http://www.eclipse.org/modeling/mdt/downloads/?project=uml2&amp;sortBy=date,www.eclipse.org/modeling,www.eclipse.org,org
21124,Q&A,message #67762,Question about OCL example,Eclipse User,http://www.eclipse.org/gmt/omcw/resources/chapter01/,www.eclipse.org/gmt,www.eclipse.org,org
9917,Q&A,message #30430,How to use SDK to launch terminal window,Martin Oberhuber,https://bugs.eclipse.org/bugs/show_bug.cgi?id=185348,bugs.eclipse.org/bugs,bugs.eclipse.org,org
9917,Q&A,message #30430,How to use SDK to launch terminal window,Martin Oberhuber,http://www.eclipse.org/dsdp/tm,www.eclipse.org/dsdp,www.eclipse.org,org
373413,Q&A,message #908843,Annotations parsing in Eclipse view plugin,Stephan Herrmann,http://www.vogella.com/articles/EclipseJDT/article.html,www.vogella.com/articles,www.vogella.com,com
792532,Q&A,message #1398966,New Class File,Dawid Pakula,http://p2-dev.pdt-extensions.org/,http://p2-dev.pdt-extensions.org/,p2-dev.pdt-extensions.org,org
792532,Q&A,message #1398966,New Class File,Dawid Pakula,https://bugs.eclipse.org/bugs/show_bug.cgi?id=318164,bugs.eclipse.org/bugs,bugs.eclipse.org,org
106930,Q&A,message #326925,Extension Point Schema,Manuel Selva,http://manuelselva.wordpress.com,http://manuelselva.wordpress.com,manuelselva.wordpress.com,com
106930,Q&A,message #326925,Extension Point Schema,Paul Webster,http://wiki.eclipse.org/Platform_Command_Framework,wiki.eclipse.org/Platform_Command_Framework,wiki.eclipse.org,org
106930,Q&A,message #326925,Extension Point Schema,Paul Webster,http://wiki.eclipse.org/Command_Core_Expressions,wiki.eclipse.org/Command_Core_Expressions,wiki.eclipse.org,org
106930,Q&A,message #326925,Extension Point Schema,Paul Webster,http://wiki.eclipse.org/Menu_Contributions,wiki.eclipse.org/Menu_Contributions,wiki.eclipse.org,org
106930,Q&A,message #326925,Extension Point Schema,Paul Webster,http://wiki.eclipse.org/Menus_Extension_Mapping,wiki.eclipse.org/Menus_Extension_Mapping,wiki.eclipse.org,org
106930,Q&A,message #326925,Extension Point Schema,Paul Webster,http://help.eclipse.org/help33/index.jsp?topic=/org.eclipse.platform.doc.isv/guide/workbench.htm,help.eclipse.org/help33,help.eclipse.org,org
1087762,Information,message #1769061,Support for JSON binary encodings in Titan: BSON,Elemer Lelik,http://bsonspec.org/spec.html,bsonspec.org/spec.html,bsonspec.org,org
1087762,Information,message #1769061,Support for JSON binary encodings in Titan: BSON,Elemer Lelik,https://docs.mongodb.com/manual/reference/mongodb-extended-json/#bson-data-types-and-associated-representations,docs.mongodb.com/manual,docs.mongodb.com,com
327125,Q&A,message #841640,Strange warning message in grammar editor,Cristiano Gaviao,http://c4biz.com/hawkdev/model/1.0/Behavior,c4biz.com/hawkdev,c4biz.com,com
504563,Q&A,message #1085905,Clone a Git repository is slow,Andrey Loskutov,https://bugs.eclipse.org/bugs/show_bug.cgi?id=394078,bugs.eclipse.org/bugs,bugs.eclipse.org,org
3878,General discussion,message #11549,Get involved !? - In what ? a not existing project?,Emerson Cargnin,http://www.grisoft.com,http://www.grisoft.com,www.grisoft.com,com
201083,Q&A,message #642097,Problems migrating to 4.1 (creating target platform),Daniel Ford,http://download.eclipse.org/e4/sdk/drops/S-4.1M3-201010291118/repository,download.eclipse.org/e4,download.eclipse.org,org
201083,Q&A,message #642097,Problems migrating to 4.1 (creating target platform),Daniel Ford,http://download.eclipse.org/e4/sdk/drops/R-4.0-201007271520/repository,download.eclipse.org/e4,download.eclipse.org,org
201083,Q&A,message #642097,Problems migrating to 4.1 (creating target platform),Paul Webster,http://wiki.eclipse.org/Platform_Command_Framework,wiki.eclipse.org/Platform_Command_Framework,wiki.eclipse.org,org
201083,Q&A,message #642097,Problems migrating to 4.1 (creating target platform),Paul Webster,http://wiki.eclipse.org/Command_Core_Expressions,wiki.eclipse.org/Command_Core_Expressions,wiki.eclipse.org,org
201083,Q&A,message #642097,Problems migrating to 4.1 (creating target platform),Paul Webster,http://wiki.eclipse.org/Platform_Expression_Framework,wiki.eclipse.org/Platform_Expression_Framework,wiki.eclipse.org,org
201083,Q&A,message #642097,Problems migrating to 4.1 (creating target platform),Paul Webster,http://wiki.eclipse.org/Menu_Contributions,wiki.eclipse.org/Menu_Contributions,wiki.eclipse.org,org
201083,Q&A,message #642097,Problems migrating to 4.1 (creating target platform),Paul Webster,http://wiki.eclipse.org/Menus_Extension_Mapping,wiki.eclipse.org/Menus_Extension_Mapping,wiki.eclipse.org,org
201083,Q&A,message #642097,Problems migrating to 4.1 (creating target platform),Paul Webster,http://help.eclipse.org/galileo/index.jsp?topic=/org.eclipse.platform.doc.isv/guide/workbench.htm,help.eclipse.org/galileo,help.eclipse.org,org
201083,Q&A,message #642097,Problems migrating to 4.1 (creating target platform),Daniel Ford,https://bugs.eclipse.org/bugs/show_bug.cgi?id=331708,bugs.eclipse.org/bugs,bugs.eclipse.org,org
201083,Q&A,message #642097,Problems migrating to 4.1 (creating target platform),Daniel Ford,http://download.eclipse.org/e4/sdk/drops/I20101202-915/repository,download.eclipse.org/e4,download.eclipse.org,org
201083,Q&A,message #642097,Problems migrating to 4.1 (creating target platform),Daniel Ford,http://download.eclipse.org/eclipse/updates/3.7-I-builds/I20101130-0900,download.eclipse.org/eclipse,download.eclipse.org,org
17477,General discussion,message #55947,Teneo: Any way to leave DB data dictionary alone when establishing a HbDataStore?,Martin Taal,http://thread.gmane.org/gmane.comp.java.emf.persistency/535/focus=535,thread.gmane.org/gmane.comp.java.emf.persistency,thread.gmane.org,org
104656,Q&A,message #319710,display online help,David Kyle,http://help.eclipse.org/help32/index.jsp?topic=/org.eclipse.platform.doc.isv/guide/ua_help_content.htm,help.eclipse.org/help32,help.eclipse.org,org
53836,Q&A,message #171528,Supplied Connection,Eclipse User,https://bugs.eclipse.org/bugs/show_bug.cgi?id=147823,bugs.eclipse.org/bugs,bugs.eclipse.org,org
53836,Q&A,message #171528,Supplied Connection,Eclipse User,http://birtworld.blogspot.com/2005/12/using-supplied-connection-with-birt.html,birtworld.blogspot.com/2005,birtworld.blogspot.com,blogspot.com
112990,Q&A,message #344685,Disable logging,Raheel Ashraf,http://dev.eclipse.org/newslists/news.eclipse.birt/msg12005.html,dev.eclipse.org/newslists,dev.eclipse.org,org
191441,Announcement,message #607411,UML 2.1 and Dali demo,Vlad Varnica,http://www.ejb3.org/demo_EJB3_first.swf,www.ejb3.org/demo_EJB3_first.swf,www.ejb3.org,org
191441,Announcement,message #607411,UML 2.1 and Dali demo,Vlad Varnica,http://www.ejb3.org/demo_EJB3_first.exe,www.ejb3.org/demo_EJB3_first.exe,www.ejb3.org,org
191441,Announcement,message #607411,UML 2.1 and Dali demo,Vlad Varnica,http://www.ejb3.org/demo_ejb3_second.swf,www.ejb3.org/demo_ejb3_second.swf,www.ejb3.org,org
191441,Announcement,message #607411,UML 2.1 and Dali demo,Vlad Varnica,http://www.ejb3.org/demo_ejb3_second.exe,www.ejb3.org/demo_ejb3_second.exe,www.ejb3.org,org
191441,Announcement,message #607411,UML 2.1 and Dali demo,Vlad Varnica,http://www.forum-omondo.com/viewtopic.php?t=1288,www.forum-omondo.com/viewtopic.php?t=1288,www.forum-omondo.com,com
191441,Announcement,message #607411,UML 2.1 and Dali demo,Vlad Varnica,http://www.forum-omondo.com/viewtopic.php?t=1318,www.forum-omondo.com/viewtopic.php?t=1318,www.forum-omondo.com,com
191441,Announcement,message #607411,UML 2.1 and Dali demo,Vlad Varnica,http://www.forum-omondo.com/viewtopic.php?t=1141,www.forum-omondo.com/viewtopic.php?t=1141,www.forum-omondo.com,com
121318,Q&A,message #370333,Mac OS X and Java 1.3.1,Eclipse User,https://bugs.eclipse.org/bugs/show_bug.cgi?id=30021,bugs.eclipse.org/bugs,bugs.eclipse.org,org
100607,Q&A,message #307600,[Dynamic Help Content] Problems with using XHTML in RCP,No real name,https://bugs.eclipse.org/bugs/show_bug.cgi?id=155408,bugs.eclipse.org/bugs,bugs.eclipse.org,org
3434,General discussion,message #10167,Searchable archive of eclipse.technology.gmf ?,Eclipse User,http://dev.eclipse.org/newslists/news.eclipse.technology.gmf/threads.html,dev.eclipse.org/newslists,dev.eclipse.org,org
3434,General discussion,message #10167,Searchable archive of eclipse.technology.gmf ?,Eclipse User,http://www.eclipse.org/search/search.cgi?&cmd=Search%21&amp;form=extended&wf=574a74&ps=10&m=all&t=5&amp;ul=%2Fnewslists%2Fnews.eclipse.technology.gmf&wm=wrd&t=News&t=Mail,www.eclipse.org/search,www.eclipse.org,org
3434,General discussion,message #10167,Searchable archive of eclipse.technology.gmf ?,Eclipse User,http://www.eclipse.org/search/search.cgi?form=extended&qprev=,www.eclipse.org/search,www.eclipse.org,org
3434,General discussion,message #10167,Searchable archive of eclipse.technology.gmf ?,Eclipse User,http://www.noelios.com,http://www.noelios.com,www.noelios.com,com
1092924,Q&A,message #1785868,Prepare Target Runtime for e4 e(fx)clipse Problem,Christian Eugster,http://download.eclipse.org/efxclipse/runtime-released/3.2.0/site,download.eclipse.org/efxclipse,download.eclipse.org,org
1092924,Q&A,message #1785868,Prepare Target Runtime for e4 e(fx)clipse Problem,Thomas Schindl,https://wiki.eclipse.org/Efxclipse/Tutorials/Tutorial4,wiki.eclipse.org/Efxclipse,wiki.eclipse.org,org
1092924,Q&A,message #1785868,Prepare Target Runtime for e4 e(fx)clipse Problem,Thomas Schindl,https://github.com/eclipse/efxclipse-rt/issues/206,github.com/eclipse,github.com,com
34343,Q&A,message #111352,how gmf saves the output,Eclipse User,http://dev.eclipse.org/viewcvs/indextools.cgi/org.eclipse.emf/doc/org.eclipse.emf.doc/references/overview/EMF.html,dev.eclipse.org/viewcvs,dev.eclipse.org,org
9923,Q&A,message #30470,Websphere does not start up with piAgent,Eclipse User,http://www.w3.org/2001/XMLSchema-instance,www.w3.org/2001,www.w3.org,org
121803,Q&A,message #371842,native eclipse ?,Eclipse User,http://www-106.ibm.com/developerworks/java/library/j-nativegui/,www-106.ibm.com/developerworks,www-106.ibm.com,com
121803,Q&A,message #371842,native eclipse ?,Eclipse User,http://java-gnome.sourceforge.net/,http://java-gnome.sourceforge.net/,java-gnome.sourceforge.net,net
121803,Q&A,message #371842,native eclipse ?,Eclipse User,http://zclipse.org,http://zclipse.org,zclipse.org,org
72864,Q&A,message #227757,java.lang.UnsupportedClassVersionError: junit/textui/TestRunner (Unsupported major.minor version 49.,Eclipse User,http://download.eclipse.org/eclipse/downloads/drops/I20060412-2041/eclipse-SDK-I20060412-2041-linux-gtk.tar.gz,download.eclipse.org/eclipse,download.eclipse.org,org
72864,Q&A,message #227757,java.lang.UnsupportedClassVersionError: junit/textui/TestRunner (Unsupported major.minor version 49.,Eclipse User,http://emf.torolab.ibm.com/tools/emf/jdk14tests/2.2.0/N200604130040/200604130053/testlog.txt,emf.torolab.ibm.com/tools,emf.torolab.ibm.com,com
72864,Q&A,message #227757,java.lang.UnsupportedClassVersionError: junit/textui/TestRunner (Unsupported major.minor version 49.,Eclipse User,http://www.artima.com/forums/flat.jsp?forum=1&thread=108274,www.artima.com/forums,www.artima.com,com
72864,Q&A,message #227757,java.lang.UnsupportedClassVersionError: junit/textui/TestRunner (Unsupported major.minor version 49.,Eclipse User,http://forum.java.sun.com/thread.jspa?threadID=667600&messageID=3932387,forum.java.sun.com/thread.jspa?threadID=667600&messageID=3932387,forum.java.sun.com,com
72864,Q&A,message #227757,java.lang.UnsupportedClassVersionError: junit/textui/TestRunner (Unsupported major.minor version 49.,Eclipse User,http://java.sun.com/j2se/1.5.0/docs/tooldocs/solaris/javac.html,java.sun.com/j2se,java.sun.com,com
72864,Q&A,message #227757,java.lang.UnsupportedClassVersionError: junit/textui/TestRunner (Unsupported major.minor version 49.,Eclipse User,https://bugs.eclipse.org/bugs/show_bug.cgi?id=136734,bugs.eclipse.org/bugs,bugs.eclipse.org,org
120757,Q&A,message #368466,Export Report,Eclipse User,http://www.developer.com/xml/article.php/3732446,www.developer.com/xml,www.developer.com,com
120757,Q&A,message #368466,Export Report,Eclipse User,http://sourceforge.net/projects/tribix/,sourceforge.net/projects,sourceforge.net,net
120757,Q&A,message #368466,Export Report,Eclipse User,http://digiassn.blogspot.com/2007/08/birt-writing-emitter.html,digiassn.blogspot.com/2007,digiassn.blogspot.com,blogspot.com
291,Announcement,message #763,M3 available for testing,Eclipse User,http://www.eclipse.org/geclipse/gettingstarted.php,www.eclipse.org/geclipse,www.eclipse.org,org
236716,Q&A,message #718757,Exception Description: Operation not supported: [instantiateForUnitOfWorkValueHolder],James,http://wiki.eclipse.org/EclipseLink,wiki.eclipse.org/EclipseLink,wiki.eclipse.org,org
236716,Q&A,message #718757,Exception Description: Operation not supported: [instantiateForUnitOfWorkValueHolder],James,http://en.wikibooks.org/wiki/Java_Persistence,en.wikibooks.org/wiki,en.wikibooks.org,org
236716,Q&A,message #718757,Exception Description: Operation not supported: [instantiateForUnitOfWorkValueHolder],James,http://java-persistence-performance.blogspot.com/,http://java-persistence-performance.blogspot.com/,java-persistence-performance.blogspot.com,blogspot.com
94683,Q&A,message #290863,Wizard,Eclipse User,http://www.eclipse.org/articles/Article-JFace%20Wizards/wizardArticle.html,www.eclipse.org/articles,www.eclipse.org,org
94683,Q&A,message #290863,Wizard,Eclipse User,http://www.eclipse.org/articles/Article-Builders/builders.html,www.eclipse.org/articles,www.eclipse.org,org
94683,Q&A,message #290863,Wizard,Eclipse User,http://www.fuckinggoogleit.com/,http://www.fuckinggoogleit.com/,www.fuckinggoogleit.com,com
838836,Q&A,message #1453711,How to call dialogs and wizard declared in e4xmi-file ?,Thomas Schindl,https://bugs.eclipse.org/bugs/show_bug.cgi?id=426111,bugs.eclipse.org/bugs,bugs.eclipse.org,org
1093331,Q&A,message #1787194,EMF Forms custom file extension/file type,Jonas Helming,https://eclipsesource.com/blogs/tutorials/emf-forms-editors/,eclipsesource.com/blogs,eclipsesource.com,com
1093331,Q&A,message #1787194,EMF Forms custom file extension/file type,Jonas Helming,http://eclipsesource.com/en/services/developer-support/,eclipsesource.com/en,eclipsesource.com,com
1093331,Q&A,message #1787194,EMF Forms custom file extension/file type,Ben Gencarelle,https://eclipsesource.com/blogs/tutorials/emf-forms-view-model-elements/,eclipsesource.com/blogs,eclipsesource.com,com
1093331,Q&A,message #1787194,EMF Forms custom file extension/file type,Ben Gencarelle,https://eclipsesource.com/blogs/emf-forms-custom-control-areas/,eclipsesource.com/blogs,eclipsesource.com,com
5542,General discussion,message #16653,plase vote for aptana integration  [183586],exceptione,https://bugs.eclipse.org/bugs/show_bug.cgi?id=183586,bugs.eclipse.org/bugs,bugs.eclipse.org,org
5542,General discussion,message #16653,plase vote for aptana integration  [183586],exceptione,http://www.aptana.com/docs/index.php/Synchronizing_your_files,www.aptana.com/docs,www.aptana.com,com
5542,General discussion,message #16653,plase vote for aptana integration  [183586],exceptione,http://www.aptana.com/docs/index.php/Using_Code_Assist,www.aptana.com/docs,www.aptana.com,com
5542,General discussion,message #16653,plase vote for aptana integration  [183586],exceptione,http://www.aptana.com/docs/index.php/Inspecting_and_debugging_with_Firebug,www.aptana.com/docs,www.aptana.com,com
5542,General discussion,message #16653,plase vote for aptana integration  [183586],exceptione,http://www.aptana.com/docs/index.php/Aptana_Roadmap,www.aptana.com/docs,www.aptana.com,com
2328,Q&A,message #6771,Re: Control.setParent() under Windows,Thomas Schindl,http://www.eclipse.org/albireo/,www.eclipse.org/albireo,www.eclipse.org,org
195761,Q&A,message #623825,Standalone help - how to find the .toc files,Juergen Weber,http://help.eclipse.org/galileo/index.jsp?topic=/org.eclipse.platform.doc.isv/guide/ua_help_setup_standalone.htm,help.eclipse.org/galileo,help.eclipse.org,org
195761,Q&A,message #623825,Standalone help - how to find the .toc files,Juergen Weber,http://help.eclipse.org/galileo/topic/org.eclipse.platform.doc.isv/guide/ua_help_content.htm,help.eclipse.org/galileo,help.eclipse.org,org
195761,Q&A,message #623825,Standalone help - how to find the .toc files,Juergen Weber,http://www.eclipse.org/articles/article.php?file=Article-AddingHelpToRCP/index.html,www.eclipse.org/articles,www.eclipse.org,org
82271,Q&A,message #255481,Generating Resolved AST without a  Project,Olivier Thomann,https://bugs.eclipse.org/bugs/show_bug.cgi?id=206391,bugs.eclipse.org/bugs,bugs.eclipse.org,org
49130,Q&A,message #157797,[CVS] changing branch without replacing?,Eclipse User,http://www.jibeinc.com,http://www.jibeinc.com,www.jibeinc.com,com
49130,Q&A,message #157797,[CVS] changing branch without replacing?,Eclipse User,https://bugs.eclipse.org/bugs/show_bug.cgi?id=41094,bugs.eclipse.org/bugs,bugs.eclipse.org,org
78354,Q&A,message #243550,"In 3.3, how do we Enable HTTP proxy connection?",Eclipse User,http://eclipse-tools.sourceforge.net/updates/,eclipse-tools.sourceforge.net/updates,eclipse-tools.sourceforge.net,net
78354,Q&A,message #243550,"In 3.3, how do we Enable HTTP proxy connection?",Eclipse User,http://m2eclipse.codehaus.org,http://m2eclipse.codehaus.org,m2eclipse.codehaus.org,org
78354,Q&A,message #243550,"In 3.3, how do we Enable HTTP proxy connection?",Eclipse User,http://subclipse.tigris.org/update_1.2.x,subclipse.tigris.org/update_1.2.x,subclipse.tigris.org,org
27801,Q&A,message #90317,Questions about 2.0 (and future deliverables),Eclipse User,http://www.opensymphony.com/quartz/,www.opensymphony.com/quartz,www.opensymphony.com,com
45415,Q&A,message #146968,Spell check,Eclipse User,http://wordlist.sourceforge.net/,http://wordlist.sourceforge.net/,wordlist.sourceforge.net,net
45415,Q&A,message #146968,Spell check,Eclipse User,http://aouw.org,http://aouw.org,aouw.org,org
45415,Q&A,message #146968,Spell check,Eclipse User,https://bugs.eclipse.org/bugs/show_bug.cgi?id=51445,bugs.eclipse.org/bugs,bugs.eclipse.org,org
45415,Q&A,message #146968,Spell check,Eclipse User,http://www.catb.org/~esr/faqs/smart-questions.html,www.catb.org/~esr,www.catb.org,org
104979,Q&A,message #320709,[DataBinding] Preventing model changes that are not actually different,Eclipse User,https://bugs.eclipse.org/bugs/show_bug.cgi?id=180746,bugs.eclipse.org/bugs,bugs.eclipse.org,org
104979,Q&A,message #320709,[DataBinding] Preventing model changes that are not actually different,Eclipse User,https://bugs.eclipse.org/bugs/show_bug.cgi?id=205248,bugs.eclipse.org/bugs,bugs.eclipse.org,org
97728,Q&A,message #299709,free vi plugin?,Eclipse User,http://www.satokar.com/viplugin/index.php,www.satokar.com/viplugin,www.satokar.com,com
194075,Announcement,message #617265,Need Helps to save VE,Yves YANG,http://www.soyatec.com,http://www.soyatec.com,www.soyatec.com,com
239619,Q&A,message #724307,starting eclips,Satyam Kandula,http://wiki.eclipse.org/Eclipse.ini#Specifying_the_JVM,wiki.eclipse.org/Eclipse.ini#Specifying_the_JVM,wiki.eclipse.org,org
203850,Misuse,message #651773,"cdo builds on twitter (@cdobuilds), not anymore?",Eike Stepper,http://www.esc-net.de,http://www.esc-net.de,www.esc-net.de,de
203850,Misuse,message #651773,"cdo builds on twitter (@cdobuilds), not anymore?",Eike Stepper,http://thegordian.blogspot.com,http://thegordian.blogspot.com,thegordian.blogspot.com,blogspot.com
203850,Misuse,message #651773,"cdo builds on twitter (@cdobuilds), not anymore?",Eike Stepper,http://twitter.com/eikestepper,twitter.com/eikestepper,twitter.com,com
203850,Misuse,message #651773,"cdo builds on twitter (@cdobuilds), not anymore?",Eike Stepper,https://hudson.eclipse.org/hudson/job/emf-cdo-integration/lastSuccessfulBuild/artifact/result/site.p2,hudson.eclipse.org/hudson,hudson.eclipse.org,org
203850,Misuse,message #651773,"cdo builds on twitter (@cdobuilds), not anymore?",Eike Stepper,https://bugs.eclipse.org/bugs/show_bug.cgi?id=336040,bugs.eclipse.org/bugs,bugs.eclipse.org,org
203850,Misuse,message #651773,"cdo builds on twitter (@cdobuilds), not anymore?",Eike Stepper,https://bugs.eclipse.org/bugs/votes.cgi?action=show_user&;bug_id=336040#vote_336040,bugs.eclipse.org/bugs,bugs.eclipse.org,org
42777,Q&A,message #139114,[MWE]problems using mwe.utils.Reader with UML2 + profiles,ekkehard gentz,http://ekkes-corner.org,http://ekkes-corner.org,ekkes-corner.org,org
42777,Q&A,message #139114,[MWE]problems using mwe.utils.Reader with UML2 + profiles,Sebastian Zarnekow,http://xtext.itemis.com,http://xtext.itemis.com,xtext.itemis.com,com
42777,Q&A,message #139114,[MWE]problems using mwe.utils.Reader with UML2 + profiles,ekkehard gentz,https://bugs.eclipse.org/bugs/show_bug.cgi?id=284464,bugs.eclipse.org/bugs,bugs.eclipse.org,org
365222,Q&A,message #890170,Toogle Button NO_FOCUS,Ivan Furnadjiev,http://eclipsesource.com/blogs/,eclipsesource.com/blogs,eclipsesource.com,com
365222,Q&A,message #890170,Toogle Button NO_FOCUS,Ivan Furnadjiev,http://eclipsesource.com/services/rap/,eclipsesource.com/services,eclipsesource.com,com
126594,Q&A,message #388971,Right clicking on a table,Steve Northover,http://dev.eclipse.org/viewcvs/index.cgi/%7Echeckout%7E/platform-swt-home/snippits/snippet110.html,dev.eclipse.org/viewcvs,dev.eclipse.org,org
203086,Q&A,message #649017,Issues with Synchronize view,Eike Stepper,http://www.esc-net.de,http://www.esc-net.de,www.esc-net.de,de
203086,Q&A,message #649017,Issues with Synchronize view,Eike Stepper,http://thegordian.blogspot.com,http://thegordian.blogspot.com,thegordian.blogspot.com,blogspot.com
203086,Q&A,message #649017,Issues with Synchronize view,Eike Stepper,http://twitter.com/eikestepper,twitter.com/eikestepper,twitter.com,com
181210,Announcement,message #574904,[Announce] EMFT JET  is available,Paul Elder,http://www.eclipse.org/emft/news/release-notes.php?version=1.0.0,www.eclipse.org/emft,www.eclipse.org,org
181210,Announcement,message #574904,[Announce] EMFT JET  is available,Paul Elder,http://download.eclipse.org/technology/emft/downloads/?proj=jet,download.eclipse.org/technology,download.eclipse.org,org
12079,Q&A,message #37635,Pair programming like hydra,Prashant Rane,http://hydra.globalse.org/,http://hydra.globalse.org/,hydra.globalse.org,org
12079,Q&A,message #37635,Pair programming like hydra,Ilja Preuss,http://sangam.sourceforge.net/,http://sangam.sourceforge.net/,sangam.sourceforge.net,net
207323,Q&A,message #663818,Continous Integration,Matt Fellows,http://www.eclipse.org/virgo/documentation/virgo-documentation-2.1.0.RELEASE/docs/virgo-getting-started/htmlsingle/virgo-getting-started.html#automated.build,www.eclipse.org/virgo,www.eclipse.org,org
1084602,Q&A,message #1754871,Guidance on how to utilize bug fix 401015,Andrew Letz,https://bugs.eclipse.org/bugs/show_bug.cgi?id=401015,bugs.eclipse.org/bugs,bugs.eclipse.org,org
5743,Q&A,message #17180,Partially solved the problem to show variables in the properties sheet.,David,http://www.omg.org/XMI,www.omg.org/XMI,www.omg.org,org
5743,Q&A,message #17180,Partially solved the problem to show variables in the properties sheet.,David,http://www.w3.org/2001/XMLSchema-instance,www.w3.org/2001,www.w3.org,org
5743,Q&A,message #17180,Partially solved the problem to show variables in the properties sheet.,David,http://www.eclipse.org/emf/2002/Ecore,www.eclipse.org/emf,www.eclipse.org,org
105797,Q&A,message #323270,How to get view id under cursor location?,Eclipse User,http://www.eclipse.org/swt/tools.php,www.eclipse.org/swt,www.eclipse.org,org
128549,General discussion,message #396500,SWT for Python?,Jonathan Feinberg,http://domino.research.ibm.com/cambridge/research.nsf/pages/cue.html,domino.research.ibm.com/cambridge,domino.research.ibm.com,com
209612,Q&A,message #672185,"execute DML in events, execution order of DataSets",Jason Weathersby,http://www.birt-exchange.org/org/forum/index.php/topic/22593-calling-a-stored-procedure/page__s__9b2d0cde65a6916e94afd096da17236d,www.birt-exchange.org/org,www.birt-exchange.org,org
30224,Q&A,message #97991,Open file outside workspace,Jeff Hunter,https://sourceforge.net/projects/sunshade/,sourceforge.net/projects,sourceforge.net,net
30224,Q&A,message #97991,Open file outside workspace,Jeff Hunter,http://sourceforge.net/projects/eclipsepowered,sourceforge.net/projects,sourceforge.net,net
358548,Q&A,message #881261,Spring Configurable across multitple bundles,Carlos Salinas,https://issuetracker.springsource.com/browse/DMS-2490?page=com.atlassian.streams.streams-jira-plugin:activity-stream-issue-tab#issue-tabs,issuetracker.springsource.com/browse,issuetracker.springsource.com,com
358548,Q&A,message #881261,Spring Configurable across multitple bundles,Carlos Salinas,https://jira.springsource.org/browse/SPR-5156,jira.springsource.org/browse,jira.springsource.org,org
358548,Q&A,message #881261,Spring Configurable across multitple bundles,Frieder Heugel,http://www.slideshare.net/mfrancis/bytecode-weaving-in-osgi-enhance-your-classes-not-your-dependency-graph-tim-ward,www.slideshare.net/mfrancis,www.slideshare.net,net
47195,Q&A,message #152162,eclipse RCP application + BIRT 2.0.1 :Viewert,Joel Rosi-Schwartz,http://www.etish.org,http://www.etish.org,www.etish.org,org
47195,Q&A,message #152162,eclipse RCP application + BIRT 2.0.1 :Viewert,Joel Rosi-Schwartz,https://useme.dev.java.net,https://useme.dev.java.net,useme.dev.java.net,net
186131,Announcement,message #590567,Eclipse Modeling Days,Ed Merks,http://ed-merks.blogspot.com/2009/11/do-it-better-with-model.html,ed-merks.blogspot.com/2009,ed-merks.blogspot.com,blogspot.com
186131,Announcement,message #590567,Eclipse Modeling Days,Ed Merks,http://wiki.eclipse.org/Eclipse_Modeling_Day,wiki.eclipse.org/Eclipse_Modeling_Day,wiki.eclipse.org,org
186131,Announcement,message #590567,Eclipse Modeling Days,Ed Merks,http://wiki.eclipse.org/EclipseRT_Day,wiki.eclipse.org/EclipseRT_Day,wiki.eclipse.org,org
1091889,Q&A,message #1782395,Setup an environment to debug and compile the Eclipse platform,Eric Rizzo,https://www.eclipse.org/eclipse/development/,www.eclipse.org/eclipse,www.eclipse.org,org
1091889,Q&A,message #1782395,Setup an environment to debug and compile the Eclipse platform,Eric Rizzo,https://www.eclipse.org/forums/index.php/f/11/,www.eclipse.org/forums,www.eclipse.org,org
273347,Q&A,message #774866,Dynamically Modifying a Report from the BIRT PDF Viewer,JB .,http://www.eclipse.org/forums/index.php/mv/msg/204101/652984/#msg_652984,www.eclipse.org/forums,www.eclipse.org,org
273347,Q&A,message #774866,Dynamically Modifying a Report from the BIRT PDF Viewer,Michael Williams,http://www.birt-exchange.org,http://www.birt-exchange.org,www.birt-exchange.org,org
94179,Q&A,message #289447,Can't View SDK JavaDoc in Eclipse 3.1,Eclipse User,https://bugs.eclipse.org/bugs/show_bug.cgi?id=41421,bugs.eclipse.org/bugs,bugs.eclipse.org,org
32856,Q&A,message #106599,Why is it so difficult to work with Eclipse?,Eclipse User,http://aouw.org,http://aouw.org,aouw.org,org
640815,Q&A,message #1235852,Where does the data binding in Properties-View happen?,Felix Dorner,http://www.eclipse.org/articles/Article-Properties-View/properties-view.html,www.eclipse.org/articles,www.eclipse.org,org
640815,Q&A,message #1235852,Where does the data binding in Properties-View happen?,Felix Dorner,http://www.eclipse.org/articles/Article-Tabbed-Properties/tabbed_properties_view.html,www.eclipse.org/articles,www.eclipse.org,org
16404,Announcement,message #52482,[ANN] JavaDude Jindent Eclipse Integration available,Scott Stanchfield,http://www.javadude.com/tools/,www.javadude.com/tools,www.javadude.com,com
16404,Announcement,message #52482,[ANN] JavaDude Jindent Eclipse Integration available,Scott Stanchfield,http://javadude.com,http://javadude.com,javadude.com,com
16404,Announcement,message #52482,[ANN] JavaDude Jindent Eclipse Integration available,Scott Stanchfield,http://javadude.com/evaj,javadude.com/evaj,javadude.com,com
16404,Announcement,message #52482,[ANN] JavaDude Jindent Eclipse Integration available,Scott Stanchfield,http://javadude.com/vaj,javadude.com/vaj,javadude.com,com
16404,Announcement,message #52482,[ANN] JavaDude Jindent Eclipse Integration available,Scott Stanchfield,http://www.jguru.com,http://www.jguru.com,www.jguru.com,com
356598,Q&A,message #878481,get IHandlerService from background thread,Rüdiger Herrmann,http://wiki.eclipse.org/RAP/FAQ#How_to_access_the_HTTP_session_.2F_session_store.3F,wiki.eclipse.org/RAP,wiki.eclipse.org,org
356598,Q&A,message #878481,get IHandlerService from background thread,Rüdiger Herrmann,http://codeaffine.com,http://codeaffine.com,codeaffine.com,com
181682,Misuse,message #576369,Re: [e4] How to get ready ?,Thomas Schindl,http://tomsondev.bestsolution.at/2010/05/17/a-week-at-e4-share-me-please/,tomsondev.bestsolution.at/2010,tomsondev.bestsolution.at,at
181682,Misuse,message #576369,Re: [e4] How to get ready ?,Thomas Schindl,http://www.nextep-softwares.com,http://www.nextep-softwares.com,www.nextep-softwares.com,com
109367,Q&A,message #334201,Inoperational shortcuts,Paul Webster,https://bugs.eclipse.org/bugs/show_bug.cgi?id=256314,bugs.eclipse.org/bugs,bugs.eclipse.org,org
109367,Q&A,message #334201,Inoperational shortcuts,Paul Webster,http://wiki.eclipse.org/Platform_Command_Framework,wiki.eclipse.org/Platform_Command_Framework,wiki.eclipse.org,org
109367,Q&A,message #334201,Inoperational shortcuts,Paul Webster,http://wiki.eclipse.org/Command_Core_Expressions,wiki.eclipse.org/Command_Core_Expressions,wiki.eclipse.org,org
109367,Q&A,message #334201,Inoperational shortcuts,Paul Webster,http://wiki.eclipse.org/Menu_Contributions,wiki.eclipse.org/Menu_Contributions,wiki.eclipse.org,org
109367,Q&A,message #334201,Inoperational shortcuts,Paul Webster,http://wiki.eclipse.org/Menus_Extension_Mapping,wiki.eclipse.org/Menus_Extension_Mapping,wiki.eclipse.org,org
109367,Q&A,message #334201,Inoperational shortcuts,Paul Webster,http://help.eclipse.org/ganymede/index.jsp?topic=/org.eclipse.platform.doc.isv/guide/workbench.htm,help.eclipse.org/ganymede,help.eclipse.org,org
1096729,Q&A,message #1800201,Is Sirius supports only for EObjects.,Steve Monnier,https://www.eclipse.org/sirius/overview.html,www.eclipse.org/sirius,www.eclipse.org,org
1065339,Q&A,message #1691030,change Context for @Inject,Ralf Heydenreich,https://github.com/opcoach/e4Preferences,github.com/opcoach,github.com,com
492498,Q&A,message #1071067,Get CharSequence from JvmOperation object,Priya Sabut,http://www.xtext.org/example/mydsl/MyDsl,www.xtext.org/example,www.xtext.org,org
492498,Q&A,message #1071067,Get CharSequence from JvmOperation object,Priya Sabut,http://www.eclipse.org/Xtext/documentation.html#TutorialCodeGeneration,www.eclipse.org/Xtext,www.eclipse.org,org
60532,Q&A,message #191215,Macro usage error,Anton Leherbauer,https://bugs.eclipse.org/bugs/enter_bug.cgi?product=CDT,bugs.eclipse.org/bugs,bugs.eclipse.org,org
474692,Misuse,message #1039632,problem with toolchains,Russell Bateman,http://www.eclipse.org/forums/index.php/t/161206/,www.eclipse.org/forums,www.eclipse.org,org
96398,Q&A,message #295810,How to remove page tab in FormEditor,Joerg Baeuerle,http://dev.eclipse.org/newslists/news.eclipse.platform.rcp/msg02960.html,dev.eclipse.org/newslists,dev.eclipse.org,org
124027,Announcement,message #379311,RCP/Forms/EMF Library Editor Example Available,Steve Blass,http://www.conceptualprocessengineering.com/library,www.conceptualprocessengineering.com/library,www.conceptualprocessengineering.com,com
124027,Announcement,message #379311,RCP/Forms/EMF Library Editor Example Available,Nick Edgar,http://www.eclipse.org/legal/termsofuse.html,www.eclipse.org/legal,www.eclipse.org,org
1086298,Q&A,message #1763699,Create diagram editor,Frederic Madiot,https://wiki.eclipse.org/Sirius/Tutorials/AdvancedTutorial#Object-Centered_Diagram,wiki.eclipse.org/Sirius,wiki.eclipse.org,org
1086298,Q&A,message #1763699,Create diagram editor,Maxime Porhel,https://wiki.eclipse.org/Sirius/Tutorials/AdvancedTutorial,wiki.eclipse.org/Sirius,wiki.eclipse.org,org
82285,Q&A,message #255534,Perspectives for downloaded plug-ins don't show up,Eclipse User,https://bugs.eclipse.org/bugs/show_bug.cgi?id=174515,bugs.eclipse.org/bugs,bugs.eclipse.org,org
279526,Q&A,message #783815,[QVTo] Project status and plan,Ed Willink,http://wiki.eclipse.org/M2M/QVT_Declarative_Languages,wiki.eclipse.org/M2M,wiki.eclipse.org,org
647461,General discussion,message #1243634,Web Workers in RAP,Yury Mising name,http://www.w3schools.com/html/html5_webworkers.asp,www.w3schools.com/html,www.w3schools.com,com
647461,General discussion,message #1243634,Web Workers in RAP,Tim Buschtoens,http://eclipse.org/rap/developers-guide/devguide.php?topic=server-push.html&version=2.2,eclipse.org/rap,eclipse.org,org
647461,General discussion,message #1243634,Web Workers in RAP,Tim Buschtoens,http://eclipsesource.com/blogs/,eclipsesource.com/blogs,eclipsesource.com,com
647461,General discussion,message #1243634,Web Workers in RAP,Tim Buschtoens,http://eclipsesource.com/services/rap/,eclipsesource.com/services,eclipsesource.com,com
180093,Information,message #571469,Voice Tools Project is LIVE,Jeff Kobal,http://www.eclipse.org/vtp,www.eclipse.org/vtp,www.eclipse.org,org
5643,Q&A,message #16926,"Adding ""underline"" and ""strikethrough"" in appereance",Eclipse User,https://bugs.eclipse.org/bugs/show_bug.cgi?id=71901,bugs.eclipse.org/bugs,bugs.eclipse.org,org
369133,Q&A,message #900563,problem with SWTResourceManager import,Constantinos Delistavrou,http://download.eclipse.org/windowbuilder/WB/integration/4.2,download.eclipse.org/windowbuilder,download.eclipse.org,org
457460,Q&A,message #1014836,More on EclipseSpy,Herb Miller,http://www.eclipse.org/forums/index.php/m/778179/#msg_778179,www.eclipse.org/forums,www.eclipse.org,org
457460,Q&A,message #1014836,More on EclipseSpy,Mickael Istria - away until August 14th,http://mickaelistria.wordpress.com,http://mickaelistria.wordpress.com,mickaelistria.wordpress.com,com
457460,Q&A,message #1014836,More on EclipseSpy,Mickael Istria - away until August 14th,http://twitter.com/mickaelistria,twitter.com/mickaelistria,twitter.com,com
457460,Q&A,message #1014836,More on EclipseSpy,Mickael Istria - away until August 14th,http://mickaelistria.wordpress.com/2013/01/08/whats-hot-for-swtbot/,mickaelistria.wordpress.com/2013,mickaelistria.wordpress.com,com
630062,Q&A,message #1223088,Annotations and white spaces,Stanimir Stamenkov,https://bugs.eclipse.org/bugs/show_bug.cgi?id=311677,bugs.eclipse.org/bugs,bugs.eclipse.org,org
122094,Q&A,message #372724,TableTreeViewer and images,Eclipse User,https://bugs.eclipse.org/bugs/show_bug.cgi?id=4631,bugs.eclipse.org/bugs,bugs.eclipse.org,org
122094,Q&A,message #372724,TableTreeViewer and images,Eclipse User,https://bugs.eclipse.org/bugs/show_bug.cgi?id=37998,bugs.eclipse.org/bugs,bugs.eclipse.org,org
109474,Q&A,message #334528,Context Menu Toggle Command,Paul Webster,http://wiki.eclipse.org/Menu_Contributions#Example_Matrix,wiki.eclipse.org/Menu_Contributions#Example_Matrix,wiki.eclipse.org,org
109474,Q&A,message #334528,Context Menu Toggle Command,Paul Webster,https://bugs.eclipse.org/bugs/show_bug.cgi?id=221980,bugs.eclipse.org/bugs,bugs.eclipse.org,org
109474,Q&A,message #334528,Context Menu Toggle Command,Paul Webster,http://wiki.eclipse.org/Platform_Command_Framework,wiki.eclipse.org/Platform_Command_Framework,wiki.eclipse.org,org
109474,Q&A,message #334528,Context Menu Toggle Command,Paul Webster,http://wiki.eclipse.org/Command_Core_Expressions,wiki.eclipse.org/Command_Core_Expressions,wiki.eclipse.org,org
109474,Q&A,message #334528,Context Menu Toggle Command,Paul Webster,http://wiki.eclipse.org/Menu_Contributions,wiki.eclipse.org/Menu_Contributions,wiki.eclipse.org,org
109474,Q&A,message #334528,Context Menu Toggle Command,Paul Webster,http://wiki.eclipse.org/Menus_Extension_Mapping,wiki.eclipse.org/Menus_Extension_Mapping,wiki.eclipse.org,org
109474,Q&A,message #334528,Context Menu Toggle Command,Paul Webster,http://help.eclipse.org/ganymede/index.jsp?topic=/org.eclipse.platform.doc.isv/guide/workbench.htm,help.eclipse.org/ganymede,help.eclipse.org,org
113799,Q&A,message #347016,Disable logging,Raheel Ashraf,http://dev.eclipse.org/newslists/news.eclipse.birt/msg12005.html,dev.eclipse.org/newslists,dev.eclipse.org,org
3836,Information,message #11408,Equinox Server-side incubator,Eclipse User,http://eclipse.org/equinox/incubator/server/proposal.php,eclipse.org/equinox,eclipse.org,org
3836,Information,message #11408,Equinox Server-side incubator,Werner Keil,http://docs.safehaus.org/display/OSGI/OSGi+Plugin+for+Maven+2.0,docs.safehaus.org/display,docs.safehaus.org,org
3836,Information,message #11408,Equinox Server-side incubator,Eclipse User,http://www.theserverside.com/news/thread.tss?thread_id=38611,www.theserverside.com/news,www.theserverside.com,com
96584,Q&A,message #296330,import not available,Paul Webster,http://dev.eclipse.org/newslists/news.eclipse.platform/msg48366.html,dev.eclipse.org/newslists,dev.eclipse.org,org
85454,Q&A,message #265248,Cannot see Heap Usage graph when running profiler,Eclipse User,http://www.swt-designer.com,http://www.swt-designer.com,www.swt-designer.com,com
108589,Q&A,message #331885,new debugger implementation - changing default names,John Rodriguez,http://www.eclipse.org/articles/Article-Debugger/how-to.html,www.eclipse.org/articles,www.eclipse.org,org
124768,Q&A,message #381844,branding problem,Nick Edgar,http://dev.eclipse.org/viewcvs/index.cgi/%7Echeckout%7E/platform-ui-home/rcp/index.html,dev.eclipse.org/viewcvs,dev.eclipse.org,org
431818,Q&A,message #976442,Websphere desn't like BIRT...,Joe Kennedy,http://www.eclipse.org/forums/index.php/m/727929/,www.eclipse.org/forums,www.eclipse.org,org
431818,Q&A,message #976442,Websphere desn't like BIRT...,Joe Kennedy,https://bugs.eclipse.org/bugs/show_bug.cgi?id=351052,bugs.eclipse.org/bugs,bugs.eclipse.org,org
431818,Q&A,message #976442,Websphere desn't like BIRT...,Joe Kennedy,http://wiki.eclipse.org/BirtPOJO_Viewer_WebSphere_Deployment,wiki.eclipse.org/BirtPOJO_Viewer_WebSphere_Deployment,wiki.eclipse.org,org
49270,Q&A,message #158167,"Error: ""Total"" is not defined",Gary Xue,https://bugs.eclipse.org/bugs/show_bug.cgi?id=136506,bugs.eclipse.org/bugs,bugs.eclipse.org,org
636104,Q&A,message #1230036,New Ecore Tools,Eike Stepper,http://www.esc-net.de,http://www.esc-net.de,www.esc-net.de,de
636104,Q&A,message #1230036,New Ecore Tools,Eike Stepper,http://thegordian.blogspot.com,http://thegordian.blogspot.com,thegordian.blogspot.com,blogspot.com
636104,Q&A,message #1230036,New Ecore Tools,Eike Stepper,http://twitter.com/eikestepper,twitter.com/eikestepper,twitter.com,com
262220,Q&A,message #757138,How to have the context menu in the History View ?,Jerome Correnoz,http://download.eclipse.org/egit/updates,download.eclipse.org/egit,download.eclipse.org,org
262220,Q&A,message #757138,How to have the context menu in the History View ?,Matthias Sohn,http://egit.eclipse.org/egit-training.git,egit.eclipse.org/egit,egit.eclipse.org,org
107434,Q&A,message #328496,Plugins dowloader and manager,Eclipse User,http://help.eclipse.org/help33/topic/org.eclipse.platform.doc.isv/reference/misc/update_standalone.html,help.eclipse.org/help33,help.eclipse.org,org
107434,Q&A,message #328496,Plugins dowloader and manager,Eclipse User,http://subclipse.tigris.org/update_1.2.x,subclipse.tigris.org/update_1.2.x,subclipse.tigris.org,org
107434,Q&A,message #328496,Plugins dowloader and manager,Eclipse User,http://help.eclipse.org/help33/topic/org.eclipse.platform.doc.isv/reference/misc/update_sitemap.html,help.eclipse.org/help33,help.eclipse.org,org
